"Item Number","1 KQH-LAVALETTE Value","2 KQH-KENOVA Value","3 KQH-WAYNE Value","Retail Price","Promotion Price","WEB Visability Store 1","WEB Visibility Store 2","WEB Visibility Store 3","Discontinued Item?","Item Description"
"8863367","0","0","0","379.000","379.000","1","1","1","N","GRILL SPIRIT II E210 BLK"
"2306868","1","-1","1","209.990","199.990","1","1","1","N","COMBO KIT M18 2-TOOL"
"2860153","0","0","-2","239.990","119.990","1","1","1","N","CM MECHANIC TL SET 224PC"
"2884419","1","1","1","179.990","119.990","1","1","1","N","CM TL CNTR 26.5"" 5D BLK"
"2860146",,"1",,"199.990","100.000","1","1","1","N","SOCKET/RATCH SET 3/4""16P"
"CASE49958","0",,,"110.990","88.790","1","1","1","N","VALLEY JIG NAT BN CHEETAH"
"CASE67913","0",,,"85.990","68.790","1","1","1","N","T Bone Butterbean"
"9016713",,"0",,"99.990","50.000","1","1","1","N","SANTA/REINDR CAR AIRBLWN"
"3859360","7","2",,"69.990","49.990","1","1","1","N","SPEAKER WRLS BLACK TWD"
"CASE13634","0","0","2","60.990","48.790","1","1","1","N","HRVST MN HNTR GRN MN COPPER LOCK"
"CASE23433","1",,,"57.990","46.390","1","1","1","N","Blue Pearl Copperhead"
"CASE58189","2","1","1","57.990","46.390","1","1","1","N","HALF WHITTLER"
"CASE128","-1",,"0","52.990","42.390","1","1","1","N","CASE KNIFE 128"
"CASE163",,"0","1","53.990","41.590","1","1","1","N","CASE KNIFE 6254 CV"
"3515731",,"1",,"79.990","40.000","1","1","1","N","LFL 32W 48"" T8 DAY PRO"
"CASE081","-3","3","0","38.990","37.990","1","1","1","N","6333 SS BROWN SYNTHETIC SMALL ST"
"CASE781","-2","0","1","47.490","37.990","1","1","1","N","6220 SS POCKET WORN OLD RED PEAN"
"CASE046","-3","1","0","34.990","34.990","1","1","1","N","6220 SS BROWN SYNTHETIC PEANUT"
"CASE23384","0","1","0","41.990","33.590","1","1","1","N","Ice Blue Ichthus -Peanut"
"CASE092","2","2","2","29.990","29.990","1","1","1","N","2138 SS BLACK SYNTHETIC SOD BUST"
"8016579","3","1",,"34.990","29.740","1","1","1","N","RAMBLER W/LID 30OZ NVY"
"8924623","0","1",,"34.990","29.740","1","1","1","N","RAMBLR BLACK MAG LID30OZ"
"8000728","0","0","0","29.990","25.490","0","0","0","Y","RAMBLER 20OZ BRICK RED"
"8475618","3","3","5","29.990","25.490","1","1","1","N","RAMBLER BOTTLE 18 OZ"
"8924474","1","2","0","29.990","25.490","1","1","1","N","RAMBLR SEAFM MAG LID20OZ"
"8924490","2","4",,"29.990","25.490","1","1","1","N","RAMBLR BLACK MAG LID20OZ"
"8924557","1","1",,"29.990","25.490","1","1","1","N","RAMBLER 20OZ SS MAG LID"
"8000716","0","0",,"24.990","21.240","1","1","1","N","RAMBLER MUG BLACK 14OZ"
"2001705","0","2",,"29.990","19.990","1","1","1","N","ACE DRL&DRV BIT ST 253PC"
"2488344","0","3","0","29.990","19.990","1","1","1","N","RATCH SCREWDRVR SET 100P"
"2809572","0","3","4","29.990","19.990","1","1","1","N","BLACK OXIDE BIT SET 21PC"
"8390015",,"1",,"32.990","16.500","0","1","0","Y","MECHANICS ADJUST SEAT CM"
"CASE662","0","1","0","15.990","15.990","1","1","1","N","LT1225L SS CALIBER CAMO LOCKBACK"
"9021164","0","3","1","19.990","14.990","1","1","1","N","CONSTRUC BULDIG SET 48PC"
"9023509","0","3",,"22.990","14.990","1","1","1","N","JD MONSTER TRED TRUCKS"
"9469669","0","2","1","19.990","14.990","1","1","1","N","TOY DLX TOOL BELT 13PC"
"3775723","1","3","2","19.990","12.990","1","1","1","N","ACE LED WORKLIGHT 1000L"
"8062614","5","5","1","12.990","12.990","1","1","1","N","BIRDSEED BIRDERSBLD 8#KT"
"8123820","4","3","1","13.990","12.990","1","1","1","N","NUT&FRUIT BLEND 5LB"
"CASE253","0","5","0","12.990","12.990","1","1","1","N","LT1059L SS MINI BLACKHORN"
"9016927",,"3",,"24.990","12.500","1","1","1","N","LGT SHOW PROJCTR SNWFLKS"
"3701877","0","0",,"21.990","11.000","1","1","1","N","HID ED17 E26BASE6300L"
"2472587","0","3","3","14.990","9.990","1","1","1","N","COMPACT TAPE 1-1/16X25"
"9238239","2",,,"17.990","9.000","1","1","1","N","LED FCTD C6 WHT 37'150CT"
"9023900","0",,,"8.990","8.990","1","1","1","N","SHOWR SOAP BERGAMOT 10OZ"
"9016883","4","0",,"14.990","7.500","1","1","1","N","GREAT THING BELIEVE SIGN"
"3427218","9","2","0","11.990","6.000","1","1","1","N","BULB FLOOD 38W PAR20"
"2295806","9","5","4","14.990","5.990","1","1","1","N","CM PH SCREWDRVR  5 PC"
"2295814","0","7","6","14.990","5.990","1","1","1","N","CM SL SCREWDRVR 5PC SET"
"2301240","2","3","2","7.590","5.990","1","1","1","N","CM TORPEDO LEVEL 9"""
"2301257","1","1","0","9.990","5.990","1","1","1","N","CM 7IN RFTR SQUAR7 IN"
"3429784","1",,"9","9.990","5.000","1","1","1","N","FLUORESCN BULB T12 6500K"
"81995","58","36","18","9.990","5.000","1","1","1","N","BIRDSEED WILDBIRD 20#ACE"
"9317173",,"2",,"9.990","5.000","1","1","1","N","CMN GLASS ORNAMENT 4"""
"9761636",,"5",,"9.990","5.000","1","1","1","N","LED ROPE LIGHT RED 9'"
"8914699","11","6","1","10.990","4.990","1","1","1","N","SEED BLKOILSNFLWR ACE10#"
"3239639","0","2",,"7.990","4.000","1","1","1","N","BULB CFL GU24 13W TWIST"
"9135666","-1","3",,"6.990","3.500","1","1","1","N","LED MIRO LIGHTS MLT 50"
"8363780","23","18","11","3.990","2.490","1","1","1","N","PEAK WASH/DEICER -25"
"3406832","2",,"4","3.490","1.740","1","0","1","Y","BULB 25W BT MB CLR2PK"
"35647","4","5","4","3.490","1.740","1","1","1","N","BULB-DEC 15FC CD/2 GE"
"9302746","0","45",,"1.000","1.000","1","1","1","N","CMN MILKCHOC ALMD BAR"
"9322454","0","49",,"1.000","1.000","1","1","1","N","CMN MILK CHOC BAR"
"9607219","2","69",,"1.000","1.000","1","1","1","N","CMN CHOC/CARAML 2.3OZ"
"8294530","8","26","1","0.990","0.690","1","1","1","N","BIRD BLEND SUET"
"8294555","7","22","7","0.990","0.690","1","1","1","N","PEANUT CRUNCH SUET"
"1000960","9","3","11","2.990","0.000","1","1","1","N","SUPER GLUE FUTURE 2PK"
"1001718","2",,,"8.990","0.000","1","1","1","N","GLUE 77ADHV 7OZ SPRY"
"1002377","6","6","5","3.590","0.000","1","1","1","N","SANDSCREEN4.5X11""FIN ACE"
"1002617","6","16","5","5.590","0.000","1","1","1","N","SILICON K&B WHT10.1OZACE"
"1002773","1","2","1","6.990","0.000","1","1","1","N","GLUE EPOXY PC-11 2OZ"
"1005578","17","8","16","3.590","0.000","1","1","1","N","LIQUID NAILS HVY DTY10OZ"
"1007228","3","2","9","11.990","0.000","1","1","1","N","ALL WTHR ROOF CEMNT3.6QT"
"1007913","25",,,"0.990","0.000","1","1","1","N","SANDPAPR AL0X9X11 100CGR"
"1008218","6","10","7","5.990","0.000","1","1","1","N","MASKING TAPE1.41X60YD CR"
"1008226","7","11","7","6.990","0.000","1","1","1","N","TAPE MSK CL 1.88""X60.1YD"
"1010123","5","15","9","4.990","0.000","1","1","1","N","RSTP SPRY SAFTY RED 15OZ"
"1010438","1","5","3","2.390","0.000","1","1","1","N","SANDPAPER 1/4S 150G FINE"
"1010842","0","3","2","32.990","0.000","1","1","1","N","STIFF POLY PUSHBROOM 24"""
"1010990","2","1","2","12.990","0.000","1","1","1","N","JNT CMPND EASYSND20 18LB"
"1011014","8","4","6","7.590","0.000","1","1","1","N","JNT CMPND ALL PURP 3.5QT"
"10112","16","29","5","1.590","0.000","1","1","1","N","PAINTBRSH FOAM 3"" JEN"
"1014950","4","29","44","1.590","0.000","1","1","1","N","PAIL LID 2.5QT F/13973"
"1017599","1","0","1","5.990","0.000","1","0","1","Y","MARKING PAINT WHT 17OZ"
"1017656","0","0","8","5.990","0.000","0","0","1","Y","MARKING PAINT PINK 17OZ"
"10214","8","19","15","5.590","0.000","1","1","1","N","CAULK K&B WHT 10.1OZ ACE"
"10255","38","8","6","3.990","0.000","1","1","1","N","CORNRSAVR3/4""X4'STICK ON"
"1033984","1","3","1","11.990","0.000","1","1","1","N","ROLLR FRAME EXTEND18-34"""
"1037795","2","3","8","6.590","0.000","1","1","1","N","SPRYVARNISH POLY S-G11OZ"
"1037829","2","2","1","9.990","0.000","1","1","1","N","CAULKGUN DRIPFREE 10:1TR"
"1052125","1","2","1","8.990","0.000","1","1","1","N","AIR BLOW GUN 1/4""FNPT"
"10539","2","3","1","13.990","0.000","1","1","1","N","IN/OUTDOOR PUSHBROOM 18"""
"10547","7","6","6","7.590","0.000","1","1","1","N","HANDLE THRD 15/16X60"""
"1055193","2","5","2","9.590","0.000","1","1","1","N","FEED-N-WAX 16OZ"
"10552","2","2","3","6.990","0.000","1","1","1","N","COMPOUND SWEEP 10#"
"10585","2","3","1","8.990","0.000","1","1","1","N","BRUSH WINDOW 8"" TAMPICO"
"1060599","0","1","2","19.990","0.000","1","1","1","N","VARNISH HELMSMAN SATN QT"
"1061282","0","1",,"7.590","0.000","1","1","1","N","SCRAPR 5-IN-1 PAINTER"
"1075423","3","12","6","10.590","0.000","1","1","1","N","WINDEX OUTDOOR 32OZ"
"10789","3","14","4","1.990","0.000","1","1","1","N","ACE JOINT TAPE2-1/16""X75"
"10908","9","6","12","5.990","0.000","1","1","1","N","SILICONE K&B WHT9.8OZ"
"1092311","0","0","1","6.590","0.000","1","1","1","N","BRUSH DECK W/HANDLE 54"""
"10924","3","3","4","4.590","0.000","1","1","1","N","FILLR PLSTCWOOD1.8OZ NAT"
"1099282","3","3","1","3.590","0.000","1","1","1","N","SANDSPONG MED BLCK ACE"
"11170","12","15","12","1.990","0.000","1","1","1","N","TACK CLOTH 18X36"""
"11313","4","1","2","16.990","0.000","1","1","1","N","SHELLAC ORNG3#QT BULLEYE"
"11316","13","20","12","5.590","0.000","1","1","1","N","SILICONE CLR 10.1OZ ACE"
"11350","4","0","1","6.990","0.000","1","1","1","N","SPACKL VINYL QT ACE"
"11514","16","0",,"7.990","0.000","1","0","0","Y","GLASS SS 14""X28""2.5MM"
"11588","8","9","11","1.590","0.000","1","1","1","N","PUTTY KNIFE 3"" PLAS ACE"
"11846","0",,,"9.990","0.000","1","1","1","N","PAINT QT LEATHER BRN R-O"
"1197060","4","5","7","4.990","0.000","1","1","1","N","ACE RSTP STN BRN 15OZ"
"12029","2","0",,"24.990","0.000","1","1","1","N","ACRYLIC SHEET30X34X.100"""
"12044","6","11","5","2.990","0.000","1","1","1","N","CAULK ALEX+W&D WHT10.1OZ"
"1204445","174","30","9","7.990","0.000","1","1","1","N","THROUGH THE ROOF 10.5OZ"
"1204452","2","6","6","18.990","0.000","1","1","1","N","SEALNT THRU THE ROOF QT"
"1206036","0",,,"4.590","0.000","1","1","1","N","ROLLER CORNR SMLS FOAM"
"12061","4","0","2","9.990","0.000","1","1","1","N","THOMPSON WTRSEAL QT"
"12102","7","11","7","3.990","0.000","1","1","1","N","ACE ROLLER 9""3/8"" NAP"
"1214550","1",,,"4.990","0.000","1","1","1","N","GLUE LIQ NAIL PANEL 10OZ"
"1218346","3","14","9","3.590","0.000","1","1","1","N","PLASTIC PAIL 2G ACE WHT"
"1220599","2","4","2","6.590","0.000","1","1","1","N","TRIMLINE EDGER SUPREME"
"12286","4","7","4","6.590","0.000","1","1","1","N","QUICK SET EPOXY .85OZ"
"12294","3","13","7","5.590","0.000","1","1","1","N","OIL LIQ WRNCH 11OZ SPRAY"
"12328","6","3","5","6.990","0.000","1","1","1","N","ACE PAINT BRUSH2"" ANGLE"
"12359","4","5","0","6.590","0.000","1","1","1","N","STAIN MINWX8OZ GOLDN OAK"
"12371","4","1","4","6.590","0.000","1","1","1","N","STAIN MINWX8OZ COL MAPLE"
"12416","5","6","4","7.990","0.000","1","1","1","N","FLOORING KNIFE 7.5"" SG"
"12430",,"3","1","6.590","0.000","1","1","1","N","METAL/CONCRTE EPOXY.85OZ"
"12585","10","1","4","4.590","0.000","1","1","1","N","CAULK K&B WHT 5.5OZ ACE"
"12587","2","1","3","3.990","0.000","1","1","1","N","GROUT TILE WHT 5.5OZ ACE"
"1259043","4","4","0","19.990","0.000","1","1","1","N","GRN LACQUER THINNER GL"
"125BSLATE","0","0","3","18.490","0.000","1","1","1","N","END WALL FLASHING B SLATE"
"12705","1","5","4","2.590","0.000","1","1","1","N","MASKING TAPE1.41X60YD GP"
"12706","7","10","11","2.990","0.000","1","1","1","N","MASKING TAPE1.88X60YD GP"
"12769","5",,"5","4.990","0.000","1","1","1","N","EPOXY 2TON CLR 1OZ"
"127894","14",,,"1.990","0.000","1","1","1","N","HOSTESS J DONUT BLUEBERRY 2 PK"
"12800","2","5","3","9.990","0.000","1","1","1","N","CAULKGUN SKELETON 10:1TR"
"128DW","1","947","27","12.570","0.000","1","1","1","N","1/2"" 4X8 DRYWALL"
"12912","21","21","14","5.990","0.000","1","1","1","N","CAULK DFLEX230 WHT10.1OZ"
"12922","3","10","8","15.990","0.000","1","1","1","N","JNT CMPND ALL PURP 4.5G"
"12924","8","8","5","15.990","0.000","1","1","1","N","JNT CMPND TOPPING 4.5G"
"12936","0","0","1","7.590","0.000","0","0","1","Y","FINISH TUNG 8OZ L-G FMBY"
"12991","13","16","14","1.390","0.000","1","1","1","N","PAINTBRSH CHIP 1""WH BRSL"
"12994","14","10","9","1.990","0.000","1","1","1","N","PAINTBRS CHIP 2.5WT BRSL"
"1307255","5","3","3","4.990","0.000","1","1","1","N","PREM ROLLER COVER 9X3/8"""
"13112","2","2","0","13.990","0.000","1","1","1","N","VARNISH POLY QT GLS MINW"
"1313303",,"2",,"4.590","0.000","1","1","1","N","H/L DRYWALLPAPER 80# 6PK"
"13234","2","1","3","24.990","0.000","1","1","1","N","GLASS SS 36""X48""2.5MM"
"133090","5","3",,"1.790","0.000","1","1","1","N","NEMO STRAWBERRY CAKE"
"1337658","4","10","17","1.990","0.000","1","1","1","N","GLASS SCRAPER MINI ACE"
"1341064","0","2","0","26.990","0.000","1","1","1","N","TILE&STONE THINST WHT GL"
"1349422","4","8","4","8.990","0.000","1","1","1","N","UNIVERSAL PURE GOLD"
"13510","5","6","6","7.590","0.000","1","1","1","N","ACE JOINT TAPE1-7/8X300'"
"1361047","6","4","1","4.990","0.000","1","1","1","N","STEELWOOL #000 12PK"
"1363803","43","62","29","1.790","0.000","1","1","1","N","PLASTIC TRAY LINER"
"1366442",,"1","2","6.990","0.000","1","1","1","N","WINDEX ALL-IN-ONE PAD"
"1367440","0","6","2","14.990","0.000","1","1","1","N","RYL INT SAT NB 1QT"
"1367457","3","3","6","12.990","0.000","1","1","1","N","RYL INT FLT NB 1QT"
"13678","8","3","3","9.590","0.000","1","1","1","N","POLYSHADE.5PT GLS O MAPL"
"1368323","0","1","6","6.590","0.000","1","1","1","N","PRIMR+SEALR 1-2-3 13OZ"
"1368406","3","4","1","5.990","0.000","1","1","1","N","M-1 ADV MILDEWCIDE 1.5OZ"
"1368695","10","6","3","8.590","0.000","1","1","1","N","CAULK DAP3.0 W&D CLR 9OZ"
"1371202","2","2","1","11.990","0.000","1","1","1","N","PRO PNTBRSH TAS POLY 2"""
"1381110","1","1","2","17.990","0.000","1","1","1","N","MMCD LNDRY DET LEM 64OZ"
"1392224","2","3","1","8.990","0.000","1","1","1","N","FROG TAPE 1.41 X 60 YDS."
"1392232","3","2","1","9.990","0.000","1","1","1","N","FROG TAPE 1.88 X 60 YDS."
"1392596","8","4","5","3.590","0.000","1","1","1","N","ADHESIVE WALPPR SEAM 2OZ"
"1394899","1","0","1","19.990","0.000","1","1","1","N","ALPHA 3"" ANG SASH BRUSH"
"1395532","2","6","8","4.590","0.000","1","1","1","N","SPRYPNT 2X S-G WHITE"
"1395953","30","4","6","4.590","0.000","1","1","1","N","SPRYPNT 2X GLS DEEP BLUE"
"13973","6","23","26","2.390","0.000","1","1","1","N","MULTI-MIX CONTAINER2.5QT"
"1420892","1","3","1","4.590","0.000","1","1","1","N","SANDSPONGE MED 80# PREM"
"1429208","1","1","1","17.990","0.000","1","1","1","N","DROPCLOTH 1TOUGH 9'X12'"
"1431436","5","5","4","34.990","0.000","1","1","1","N","C+K INT SAT DW  1GAL"
"1431683","4","0","1","6.990","0.000","1","1","1","N","DROP CLOTH 10'X20' 2MIL"
"1436948","0","1","1","3.990","0.000","1","1","1","N","HANDY PAINT CUP"
"1438613","2","3","2","11.990","0.000","1","1","1","N","PAINT THINNER 128OZ PLST"
"1438738","0","0",,"11.990","0.000","0","0","0","Y","PREMIUM STRIPPER QT"
"144725","34",,"32","1.290","0.000","1","1","1","N","REESE VALENTINE HEARTS"
"1463009","1","5","2","29.990","0.000","1","1","1","N","C+K INT FLT DW  1GAL"
"1464643","4","2","2","20.990","0.000","1","1","1","N","C+K EXT SG  NB 1QT"
"1467935","4",,"2","7.990","0.000","1","1","1","N","TRAY LINERS 1-QT 10PK"
"1490739","3","3","3","7.590","0.000","1","1","1","N","THREADLOCKER 242 BLUE"
"1494657","8","2","6","7.990","0.000","1","1","1","N","ACE ANGLE POLY BRUSH2.5"""
"1494814","0","3","3","5.590","0.000","1","1","1","N","FOAM ROLLER 4"" W/12""FRAM"
"1498534","2","4","1","13.990","0.000","1","1","1","N","ROLL COVER3/8X9""PK3 WVN"
"1498963","5","3","5","4.990","0.000","1","1","1","N","WALL SCRAPER 3"" FLEX"
"1498989",,"5",,"4.990","0.000","1","1","1","N","WALL SCRAPER 3"" STIFF"
"1499243","1","0","1","6.990","0.000","1","1","1","N","CAULK TOOL 3 IN 1 ACE"
"1504372","2","3",,"4.990","0.000","1","1","1","N","JUBILEE KITCHEN WAX 15OZ"
"1505031","6","5","4","6.990","0.000","1","1","1","N","PS INT SAT TNT NB 1PT"
"1506799",,"0",,"17.310","0.000","1","1","1","N","COLORANT WB WHITE QT"
"1506815",,"0",,"21.850","0.000","1","1","1","N","COLORANT WB LAMPBLACK QT"
"1506823",,"0",,"19.920","0.000","1","1","1","N","COLORANT WB YLW OXIDE QT"
"1506831",,"0",,"31.080","0.000","1","1","1","N","COLORANT WB THALO GRN QT"
"1506849",,"0",,"31.080","0.000","1","1","1","N","COLORANT WB THALOBLUE QT"
"1506898",,"0",,"53.770","0.000","1","1","1","N","COLORANT WB ORANGE QT"
"1515022","3","0","1","6.590","0.000","1","1","1","N","STAIN MINWX 8OZ CLS GRAY"
"1517358","0","1","0","21.990","0.000","0","1","0","Y","CM 11PC AIR ACCSRY KIT"
"151BRTRED","0","-1","-5","18.990","0.000","1","1","1","N","RIDGE CAP BRIGHT RED"
"151BSLATE","0","0","-15","18.990","0.000","1","1","1","N","RIDGE CAP B SLATE"
"151CBROWN","0","-1","-2","18.990","0.000","1","1","1","N","RIDGE CAP COCOA BROWN"
"1531359","1","24",,"4.590","0.000","1","1","1","N","WD40 SMART STRAW 8OZ"
"1532050","7","4","7","3.990","0.000","1","1","1","N","SB BLEACH BATH CLNR 32OZ"
"1565845","1","1",,"4.590","0.000","1","1","1","N","SPRYPNT 2X SATIN MAGENTA"
"1579093","5","0","6","2.590","0.000","1","1","1","N","SPRYPNT TNT FLT WHT 10OZ"
"1588565",,"13",,"3.990","0.000","1","1","1","N","ECLOTH EYEGLASSES"
"1590801","1","8",,"8.990","0.000","1","1","1","N","GORILLA HD CONST ADH 9OZ"
"1595842","5","4","8","7.990","0.000","1","1","1","N","CAULK GUT/FLSH WHT10.1OZ"
"1605443",,,,"3.590","0.000","1","1","1","N","FORMULA 409 LEMON APC 32"
"1620277","7","5","6","4.990","0.000","1","1","1","N","SPACKLING LIGHT 8OZ"
"1620293","2","3","1","7.990","0.000","1","1","1","N","SPACKLING LIGHT 32OZ"
"16512","5","5","2","24.990","0.000","1","1","1","N","RYL INT FLT HHW  1GAL"
"17014","0","6","4","6.590","0.000","1","1","1","N","SPRYVARNISH POLY SAT11OZ"
"17016","5","4","6","3.990","0.000","1","1","1","N","SPRYPNT ACE GLS ORANGE"
"17030","9","8","3","3.990","0.000","1","1","1","N","SPRYPNT ACE PRIMER WHITE"
"17058","0","0","0","2.590","0.000","0","0","0","Y","NOW SPRY PNT FLT BLK9OZ"
"17064","0","0","0","2.590","0.000","0","0","0","Y","NOW SPRY PAINT RED 9OZ"
"17077","0","0",,"2.590","0.000","0","0","0","Y","NOW SPRY PNT GLS WHT9OZ"
"17078","5","9","2","4.990","0.000","1","1","1","N","ACE RSTP SPRY REGRED15OZ"
"17371","1","5","1","6.990","0.000","1","1","1","N","GLUE GOOP HOUSEHOLD3.7OZ"
"17436","1","2","1","13.990","0.000","1","1","1","N","VARNISH POLY QT S-G MINW"
"17443","7","2","6","2.990","0.000","1","1","1","N","SCOUR PAD HVY DTY 4X6PK3"
"17556","2","1","1","4.590","0.000","1","1","1","N","BROOM WISK PALM NATRL4.5"
"17833","1","5","1","1.990","0.000","1","1","1","N","PAINTBRSH TRIM 1""POLY"
"1801547",,"7",,"8.990","0.000","1","1","1","N","MOUSE SHIELD SEALNT 12OZ"
"1860451","9","7","8","4.590","0.000","1","1","1","N","DAWN AB ORANGE 19.4OZ"
"1861731",,,,"9.990","0.000","1","1","1","N","BROOM 10""W"
"18841","2","5","0","11.990","0.000","1","1","1","N","CONCRETE CRACK FILLR"
"18REBAR",,"0","-46","0.990","0.000","1","1","1","N","1/2"" Rebar 18"" length"
"19077","10","8","10","4.590","0.000","1","1","1","N","GREAT STUFF BIG GAP 12OZ"
"19332","2","2","3","3.590","0.000","1","1","1","N","GLUE SUPER 5GM LOCTITE"
"1937960","4","2","3","11.990","0.000","1","1","1","N","ADHESIVE REMOVER 32OZ"
"194009","5",,,"1.390","0.000","1","1","1","N","VIENNA SAUSAGE"
"19507","0","0","0","7.990","0.000","1","1","1","N","PLASTI DIP SPRY 11OZ BLK"
"19592","9","5","4","4.590","0.000","1","1","1","N","BLASTER LUBRICANT 11OZ"
"19716","0","0","4","5.990","0.000","0","0","1","Y","SPRYPAINT FLUOR BLUE11OZ"
"19748","5","4","4","4.990","0.000","1","1","1","N","GLUE TITEBOND 2 8 OZ"
"1IPSGCOUP","10","3","-1","29.990","0.000","1","1","1","N","1"" IPS GAS COUPLING W/ARM GASKET"
"2005650","3","4","1","3.990","0.000","1","1","1","N","SANDDISC VNTD80GR ACE5PK"
"2007821","0","0","1","14.990","0.000","1","1","1","N","BLADE SAWZAL 6"" 10T PK5"
"2013746","1","2","1","11.990","0.000","1","1","1","N","RIVETTOOL GEN PURP ACE"
"2017820","0","1","1","32.990","0.000","1","1","1","N","WELD WIRE MIG .035"
"2034767","1","2","1","13.990","0.000","1","1","1","N","STAPLGUN HOUSEHOLD ACE"
"20361","1","4","8","3.990","0.000","1","1","1","N","STAPLE 1/4"" T-50 1250PK"
"203650","12",,"0","0.690","0.000","1","1","1","N","RITZ CRACKERS"
"20371","5","3","3","3.990","0.000","1","1","1","N","STAPLE JT-21 1/4"" PK1000"
"2052520","4","5","2","15.990","0.000","1","1","1","N","BLADE SAW 7.25""40T BULK"
"20530","3","0","8","5.590","0.000","1","1","1","N","UTILITY KNIFE CLASSIC 99"
"2067783","0","1","1","12.990","0.000","1","1","1","N","WRENCH GEAR 5/16"" ACE"
"2071140","1","2","1","8.590","0.000","1","1","1","N","SANDBELT 4X24"" 40G PK2"
"2071439","2","0","1","19.990","0.000","1","1","1","N","RULE TAPE 1-1/4""X25'FAT"
"2079952","3","4","3","3.590","0.000","1","1","1","N","WHEEL CUTOFF 7""MASON ACE"
"208049","18","10",,"1.890","0.000","1","1","1","N","NE-MO ORANGE SWIRL BUNDT CAKE"
"208193","2",,,"2.590","0.000","1","1","1","N","LIVESAVERS GUMMI SOUR"
"20887","2","3","1","3.990","0.000","1","1","1","N","FINDER STUD MAGNETIC"
"2089506",,"0","43","2.990","0.000","1","1","1","N","NUTSETTER 1/4""X2-9/16"""
"2094019","0","2","1","6.590","0.000","1","1","1","N","BIT DRILL MULTIPURPS5/32"
"2094704","3",,,"9.990","0.000","1","1","1","N","NAIL BRAD BRN 1"" BX2000"
"2099505","1","1","2","19.990","0.000","1","1","1","N","BLADE RECIP 12""/6T 5PK"
"21000","0",,,"8.590","0.000","1","1","1","N","MAGNETIC PICKUP TOOL 14"""
"2102275","1",,"1","5.590","0.000","1","1","1","N","NEODYMIUM MAGNET 0.7""CD3"
"2108397","2","6","3","2.990","0.000","1","1","1","N","BIT DRIL PERCUSN 5/32X3"""
"2117372","0","1","1","16.990","0.000","1","1","1","N","LEVEL 48"" ALUMTOPREADACE"
"21220","0",,,"7.990","0.000","0","0","0","Y","CONCRETE GROOVER 6X2.5"""
"2129690","0","1","1","79.990","0.000","1","1","1","N","BLADE CIRC 12""CARB TK96T"
"2129781","6","6","6","2.990","0.000","1","1","1","N","BLADE CUTOFF METAL 4.5"""
"2131472","1","2","1","31.990","0.000","1","1","1","N","BLADE SAW 10"" 40T FREUD"
"21344","0","-2","-2","7.990","0.000","0","0","0","Y","ROUND FILE 9  EMPIRE"
"2135291","2","0","0","15.990","0.000","1","1","1","N","CHALK REEL 100' MACH6"
"2167401","0","2","1","15.990","0.000","1","1","1","N","PREC SCRW 6PC SET ACE"
"2195527","0","0","1","11.990","0.000","1","1","1","N","MINI BOLT CUTTER 8"" ACE"
"2195618","2","1","7","19.990","0.000","1","1","1","N","FUEL CELL RED PASLODE"
"2219822","9","15","15","3.590","0.000","1","1","1","N","NON-TOXIC DUST MASK"
"2221703","1","0","1","13.990","0.000","1","1","1","N","RESPIRATOR N95 10/BOX"
"2222172","0",,,"4.990","0.000","1","1","1","N","POCKET-HOLE SCREW#8X1"""
"2223360","1",,,"4.590","0.000","1","1","1","N","POCKET-HOLE SCREW#7X1.25"
"2251429","0","1","1","7.990","0.000","1","1","1","N","ADJUSTABLE WRENCH 6"""
"225BSLATE","0","0","-1","16.490","0.000","1","1","1","N","SIDEWALL FLASHING B SLATE"
"225CBROWN","0","0","-6","16.490","0.000","1","1","1","N","SIDEWALL FLASHING COCOA BROWN"
"2294296","7","9","12","5.990","0.000","1","1","1","N","BUTANE CYLINDER 5.5 OZ"
"2294833","4","3","4","8.990","0.000","1","1","1","N","S/F RESPIRATOR 2PK"
"2295681","0","2","1","16.990","0.000","0","1","1","Y","CM SANDING DISC ASST/9"
"2297588","1","1","1","44.990","0.000","1","1","1","N","CM SCKT SET 6PC 1/2DR MM"
"2298149","1","1","0","99.990","0.000","1","1","1","N","CM SCKT SET1/2DR 12PCDP"
"2299725","0","0","0","18.990","0.000","0","0","0","Y","CM WRENCH ADJUSTABLE 8"""
"2299865","0","2","2","9.990","0.000","1","1","1","N","CM WRENCH COMB 12MM"
"2300705","2","0","1","3.590","0.000","1","1","1","N","CM SOCKET 1/4DR 5/16 6PT"
"2301190","1","4","2","21.990","0.000","1","1","1","N","PICKUP TOOL 36"""
"2305589",,"1","1","14.990","0.000","1","1","1","N","HOLE SAW ARBOR 3/8"""
"2307262","1","3","2","25.990","0.000","1","1","1","N","CM SCKT SET 3/8 SAE10PC"
"2307908","1","0","0","19.990","0.000","1","0","0","Y","CM CLAW HAMMER 20OZ"
"2314573","0","1","1","8.990","0.000","1","1","1","N","TOOL CADDY STANLEY"
"2320380","2","2","3","3.590","0.000","1","1","1","N","MAG NUT DR 1/4X1-7/8 SW"
"2329761","0","0","2","9.590","0.000","1","1","1","N","FLAP DISC 4-1/2"" 60 GRIT"
"2330090","0","1","1","5.990","0.000","1","1","1","N","COARSE CRMP WIRE WHL 3"""
"2330371","0","1","2","6.990","0.000","1","1","1","N","COARSE CRIMP WHEEL 4"""
"23305","5","7","2","2.390","0.000","1","1","1","N","BLADE UTLTY KNF HVYDTYC5"
"2334092","1","0","2","5.990","0.000","1","1","1","N","POWER BIT SW #2 PH 6"""
"2335461","0",,,"9.590","0.000","1","1","1","N","CM SCKT 1/2DR 1-1/8"" 6PT"
"2335693","0","2","2","11.990","0.000","1","1","1","N","CM SCKT 1/2DR13/16 6PTDP"
"2336840","0","2","2","5.590","0.000","1","1","1","N","CM SCKT 3/8DR11/16""6PTDP"
"2339646",,"0","2","17.990","0.000","1","1","1","N","TORCH RCIP BLD 6""10T 5PK"
"2354579","0","2","2","11.990","0.000","1","1","1","N","CM SCKT 1/2DR 7/8 6PTDP"
"23583","3","2","2","8.990","0.000","1","1","1","N","BLADE CIRC7-1/4 STL 140T"
"2361665","0","1","2","8.990","0.000","1","1","1","N","CUTOFF WHEEL 14""X1/8""X1"""
"2362051","2","2","2","4.590","0.000","1","1","1","N","MSNRY BLD 8""X1/8""X5/8"""
"2362697","1","1","1","9.990","0.000","1","1","1","N","GLASS & TILE BIT 1/4"""
"2365443","6","3","0","26.990","0.000","1","1","1","N","PLIERS COMBINATION 6-N-1"
"2368306","0",,,"15.990","0.000","1","1","1","N","BLADE RECIP  8""X3/4"" 14T"
"2370070","1","1","1","17.990","0.000","1","1","1","N","FLOORING INSTALLATION KT"
"2375335","0","0",,"49.990","0.000","0","0","0","Y","CM BATTERY 19.2V LI-I SL"
"2388205","1","0",,"9.990","0.000","1","1","1","N","CM WET NOZZLE 1-7/8"""
"23893","0","1","1","6.990","0.000","1","1","1","N","WHEEL CUTOFF 15/16"" PK36"
"2392413","2","4","3","25.990","0.000","1","1","1","N","CM WRENCH 7PC ROLLUP SAE"
"2396943",,"2","1","59.990","0.000","1","1","1","N","NAIL FRM 3X.131 BRITE30D"
"2407419","0",,,"6.990","0.000","1","1","1","N","CRIMP CUP BRUSH 2-3/4"""
"24331","0","1","1","3.990","0.000","1","1","1","N","BIT PILOT DRILL 1/4"" ACE"
"24523","0","1","0","17.990","0.000","1","1","1","N","WRENCH PIPE 8"" ACE RED"
"24637","1","3","1","9.990","0.000","1","1","1","N","SOLDER 40/60 ROSIN GENRL"
"2468155","0","3","1","4.990","0.000","1","1","1","N","BRADPOINT DRILL BIT3/16"""
"2468692","0","1","1","27.990","0.000","1","1","1","N","CM NUTDRIVER SET SAE 7PC"
"2468965","0",,,"24.990","0.000","1","1","1","N","RECIP BLADE 12""12TPI 5PK"
"24820","0","2","1","9.590","0.000","1","1","1","N","TAPING KNIFE 8"" BS"
"2491553","1",,,"11.990","0.000","1","1","1","N","BLADE JAPANSE PREC 1.25"""
"2503563","0",,"0","6.590","0.000","1","1","1","N","HEX SHORT LKEY 7PC MM"
"25107","3","1","1","6.590","0.000","1","1","1","N","HEX KEY SET 050-5/32FOLD"
"25113","0","1","2","6.990","0.000","1","1","1","N","TAPE RULE LEVERLOCK 16FT"
"25187","0",,"1","29.990","0.000","1","1","1","N","PLIER 9"" CABLE CUT KLEIN"
"252CBROWN","0","0","15","18.990","0.000","1","1","1","N","BIG CORNERS COCOA BROWN"
"25354","0",,,"11.990","0.000","1","1","1","N","DIE 1-7/16"" 5/8-11NC"
"2552396","0","2","2","4.990","0.000","1","1","1","N","DRILL BIT TITANIUM 7/32"""
"2552453","0","2","2","4.590","0.000","1","1","1","N","DRILL BIT TITANIUM 1/8"""
"2553303","1","2","3","4.590","0.000","1","1","1","N","DRILLBIT TITANIUM 3/16"""
"2553824","1","1","2","4.590","0.000","1","1","1","N","DRILL BIT TITANIUM 7/64"""
"2582674","0",,,"18.990","0.000","1","1","1","N","TRB DIAMND SAW BLDE 4"""
"2583045","0",,,"18.990","0.000","1","1","1","N","CNT RIM DIAM SAW BLD 4"""
"2583409","0",,,"19.990","0.000","1","1","1","N","TRB DIAMND SAW BLDE 4.5"""
"2585206","0",,,"18.990","0.000","1","1","1","N","SGM RIM DIAM SAW BLDE 4"""
"2624252",,"0","1","14.990","0.000","1","1","1","N","RECIP BLD 14/18TPI 6"" 5P"
"26259","1","4","2","7.990","0.000","1","1","1","N","ECON HACKSAW 10"" ACE"
"26482","0","2",,"13.990","0.000","1","1","1","N","TROWL FINISH 16X4"""
"265BLACK","24,605","1,604","925","0.060","0.000","1","1","1","N","1"" SCREWS DUAL GRIP BLACK"
"27097","0","2","1","13.990","0.000","1","1","1","N","SQUARE COMB 12"" ACE"
"27535","2","3","0","4.590","0.000","1","1","1","N","BIT BORING WOOD ACE 7/8"""
"275BLACK","10,124","2,355","2,035","0.070","0.000","1","1","1","N","1-1/2"" SCREWS DUAL GRIP BLACK"
"275BRED","11,064","1,149","-1,434","0.070","0.000","1","1","1","N","1-1/2"" SCREWS DUAL GRIP BARN RED"
"275BRTRED","44,005","2,250","2,250","0.070","0.000","1","1","1","N","1-1/2"" SCREWS DUAL GRIP BRT RED"
"275BSLATE","4,490","1,840","9,065","0.070","0.000","1","1","1","N","1-1/2"" SCREWS DUAL GRIP B SLATE"
"275BWHITE","9,879","1,510","-1,108","0.070","0.000","1","1","1","N","1-1/2"" SCREWS DUAL GRIP B WHITE"
"275CBROWN","13,045","3,343","6,398","0.070","0.000","1","1","1","N","1-1/2"" SCREWS DUAL GRIP CBROWN"
"275FGREEN","19,910","1,370","4,399","0.070","0.000","1","1","1","N","1-1/2"" SCREWS DUAL GRIP FGREEN"
"275GALVALUME","6,430","450","2,800","0.070","0.000","1","1","1","N","1-1/2"" SCREWS DUAL GRIP GALVALUM"
"2801835",,"0",,"189.990","0.000","1","1","1","N","BAND SAW 9 IN 2.5A"
"2802643","1","0","0","34.990","0.000","1","1","1","N","SCREWDRIVER SET 10PC"
"2802809","1","2","1","18.990","0.000","1","1","1","N","WIRE STRIPR/CUTTR 7-1/8"""
"2802833","2","3","1","22.990","0.000","1","1","1","N","STRAIGHT JW PLIER SET 2P"
"2811644","1","1","2","16.990","0.000","1","1","1","N","SMOOTH BLD INSUL KNF 12"""
"285CBROWN","22,335","-568","-1,025","0.080","0.000","1","1","1","N","2"" SCREWS DUAL GRIP CBROWN"
"285GALVALUME","11,875","-30","-350","0.080","0.000","1","1","1","N","2"" SCREWS DUAL GRIP GALVALUME"
"2882561","0","1","1","26.990","0.000","1","1","1","N","CM RATCHET 1/2""DRV 36T"
"28939","0","1","1","6.590","0.000","1","1","1","N","POST LEVEL ACE 9"""
"2896470","2","4","2","6.990","0.000","1","1","1","N","MAXFIT INSERT BT PH2 15P"
"2896587","5","1","3","3.590","0.000","1","1","1","N","MAXFIT POWER BIT PH2 2PC"
"2896926","0","1","1","29.990","0.000","1","1","1","N","CM CANTILEVER TOOLBX 20"""
"28976","1","4","0","2.790","0.000","1","1","1","N","CHALK POWDER ORANGE 8OZ"
"2918FM","3","0",,"8.490","0.000","1","1","1","N","HORN OF PLENTY SM FLAG"
"295002","11","-39","-53","0.400","0.000","1","1","1","N","COWTALES GOETZES"
"3000023","6","6","6","5.990","0.000","1","1","1","N","BULB-HALGN 20W JC T3"
"3001773","4","0","2","3.590","0.000","1","1","1","N","TIES CABLE 4"" WHT 100PK"
"3003712","6","4","10","1.990","0.000","1","1","1","N","BOX SWITCH PVC SGL 8CU"""
"30042","5","6","1","5.590","0.000","1","1","1","N","ENRGZR MAX BATT AAA CD4"
"3007200","3","8","16","1.790","0.000","1","1","1","N","WALLPLATE SWITCH 2G IVY"
"3008737","10","4","7","4.590","0.000","1","1","1","N","BATTERY WATCH/CALC 2032"
"3009743","9","2","6","2.790","0.000","1","1","1","N","BATTERY ALKLINE 12 VOLT"
"30184","0","2",,"15.990","0.000","1","1","1","N","CORD APPL 14/3 SPT-3 9'"
"3021904","3","4","5","1.990","0.000","1","1","1","N","CONN WIRE BLU TWIST CD14"
"3022035","4","3","2","1.990","0.000","1","1","1","N","CONN WIRE 22-10 YEL CD9"
"3022043","4","3","2","1.990","0.000","1","1","1","N","CONN WIRE 18-8 RED CD6"
"30280","10","14","20","6.590","0.000","1","1","1","N","3/4"" EMT CONDUIT"
"30301","15","25","4","0.790","0.000","1","1","1","N","COVER BOX SGLE BLANK"
"30352","4","4","5","2.790","0.000","1","1","1","N","COUPLE RIGID 3/4"""
"3066032","3","8","1","4.590","0.000","1","1","1","N","ELBOW PULL EMT 90D 3/4"""
"30737","29","12","13","0.390","0.000","1","1","1","N","BOX SGL GNG PVC NW 18CU"""
"30740","6","0","31","0.590","0.000","1","1","1","N","BOX SGL GNG PVC NW 20CU"""
"3084795","5","5","7","5.990","0.000","1","1","1","N","BULB 10W T3 12V HALOGEN"
"30852","8","1","9","5.590","0.000","1","1","1","N","LAMPHOLDR PLCHN2RCP BLK"
"3086253","0",,"2","11.990","0.000","1","1","1","N","TUBE HEAT SHRNK WTRPF4/0"
"30915","4","4","3","2.990","0.000","1","1","1","N","TIES CABLE WHT 4"" BG40"
"3102605","1","6","0","15.990","0.000","1","1","1","N","BATTERY ALK C 8PK WIDE"
"3149465","3","3","0","13.990","0.000","1","1","1","N","BATTERY ALKALINE AA30PK"
"315","22","5","27","14.790","0.000","1","1","1","N","#3 FLASHER BLACK EPDM"
"3179074","30","49","6","1.390","0.000","1","1","1","N","CONNCTR NM CLAMP 3/4""BAG"
"3179082","112","62","35","0.590","0.000","1","1","1","N","CONNECTOR NM 3/8"""
"3181096","11","13","8","0.590","0.000","1","1","1","N","STRAP EMT 1HOLE 1"""
"3181112","4","4","29","0.790","0.000","1","1","1","N","STRAP EMT 2HOLE 1/2""BG3"
"3181138","31","14","17","0.590","0.000","1","1","1","N","STRAP EMT 2HOLE 1"""
"3182425","16","4","34","0.990","0.000","1","1","1","N","CONDUIT LOCKNUT 3/4"" 2PK"
"3182631","9","10","11","0.790","0.000","1","1","1","N","WASHR REDUCE 1""-3/4"" BG2"
"3201506","0","2","3","2.790","0.000","1","1","1","N","RECEPTACLE SIDE 1KA IV"
"3201613","26","14","21","0.590","0.000","1","1","1","N","GROUND RECEPTACLE 15A WH"
"3201811","4","15","2","0.990","0.000","1","1","1","N","SWITCH GRND SP 15A IVORY"
"3202181","23","31","7","0.590","0.000","1","1","1","N","BLANK WALLPLATE 1G WHITE"
"3206174","0","3","1","5.990","0.000","1","1","1","N","HVY DTY CABLE TIE 24"""
"32142","2","4","2","3.990","0.000","1","1","1","N","FUSE KIT COMMNCTN EQ CD5"
"3215514","2","1","4","6.490","0.000","1","1","1","N","COM SNGL RECEPTCL20A WHT"
"3217536","3","4","0","2.590","0.000","1","1","1","N","REPLCMNT ROTARY KNOB IV"
"322014","22","-2","31","1.290","0.000","1","1","1","N","ROLO"
"3220787","10","0","2","0.590","0.000","1","1","1","N","WLPL SNGL STD RCPT WHT"
"322194","47",,,"1.190","0.000","1","1","1","N","REESE CHRISTMAS TREE"
"3236718","1","0","1","6.990","0.000","1","1","1","N","INDOOR MECH 2C TIMER24H"
"3251113","0","2","1","16.990","0.000","1","1","1","N","DIGITAL MULTIMETER"
"3260361",,"1",,"27.990","0.000","1","1","1","N","CORD COVER KIT 12PC"
"3266418","0","1","1","13.990","0.000","1","1","1","N","FUSE CART DUL ELE TD 20A"
"327002","-19","5","-107","1.290","0.000","1","1","1","N","PAYDAY"
"3286861","1","1","1","36.990","0.000","1","1","1","N","JACK CAT6 90 WHITE 5PK"
"3293313","4","0","0","2.590","0.000","1","1","1","N","DIMMER KNOB ROT LEV LTA"
"3301975","0","0","0","16.990","0.000","0","0","0","Y","CM FLASHLIGHT 2AA LED"
"33072","1","2","0","19.990","0.000","1","1","1","N","WIRE 12/2-UFWG 25'"
"3309937","5","8","10","4.990","0.000","1","1","1","N","TAPE ELEC #35 3/4X66 WHT"
"33100","2",,,"59.990","0.000","1","1","1","N","BR SD QO MN 2P100A 1-1/2"
"3311719","2","1","1","4.990","0.000","1","1","1","N","TAPE ELEC #35 3/4X66 YLW"
"33180","10","18","1","0.990","0.000","1","1","1","N","TAPE ELECT3/4X60'VYL ACE"
"33200","12","13","32","1.990","0.000","1","1","1","N","CONDUIT PVC SCH40 1/2X10"
"33204","14","6","6","6.590","0.000","1","1","1","N","CONDUIT PVC 40 1-1/2X10'"
"33305","1","2","2","5.590","0.000","1","1","1","N","TAPE ELEC 3/4""X66' 3M 33"
"33401","7","1","6","5.990","0.000","1","1","1","N","WALLPLATE COAX WHT"
"33516","0","3","2","32.990","0.000","1","1","1","N","HEAT CABLE F/PIPE 18FT"
"3369477","4","5","6","4.990","0.000","1","1","1","N","TAPCUBE HD GRND ORG BULK"
"3380599","1","8","-4","8.590","0.000","1","1","1","N","BATTERY AA 8PK ENERGIZER"
"3408176","19","49","4","9.990","0.000","1","1","1","N","BULB FLUOR F40T12 CW 2PK"
"3409810","1","1","2","19.990","0.000","1","1","1","N","LITE PLUG-IN FLUOR21""WHT"
"3414661","1",,,"13.990","0.000","1","1","1","N","INSPECT FLASHLIGHT G20"
"3426236","1",,"1","16.990","0.000","1","1","1","N","WIRE CONECT HX TAN JR175"
"3426244","0",,"1","6.990","0.000","1","1","1","N","WIRE CONNECTR ORG JAR100"
"3429057","0",,"1","13.990","0.000","1","1","1","N","HEAT SHRINK TUBE KIT BLK"
"34332","1","1",,"12.990","0.000","1","1","1","N","LITE FLUOR SHOP48""N/BULB"
"34561","1","2","1","7.990","0.000","1","1","1","N","BUTT SPLICE 16-14AWG"
"34575","50","9","2","8.590","0.000","1","1","1","N","BATTRY ALKLN DURA AA CD8"
"3466521",,"9",,"5.490","0.000","1","1","1","N","PHEN SOCKET CNDL 1-7/32"""
"3468840","1",,,"11.990","0.000","1","1","1","N","CORD ADAPTERS 8"" 3PK ACE"
"34891","0","1","3","2.990","0.000","1","1","1","N","TUBE HEAT SHRINK 3/8""CD3"
"34894","2","1","1","13.990","0.000","1","1","1","N","CORDEXTN16/3 SJTW 40'GR"
"34923","2","4","5","1.990","0.000","1","1","1","N","WIRE CONNAST9PK SCREWON"
"3494978","0",,,"29.990","0.000","1","1","1","N","THIN LIGHT RECARGEABLE"
"34950","10","8","30","0.790","0.000","1","1","1","N","STRAP RIGID 1 1/2""2 HOLE"
"3500543","12","-1","5","3.590","0.000","1","1","1","N","RECEPTACLE WHITE 20A"
"3508959","30","6","2","1.590","0.000","1","1","1","N","ADAPTR GROUND VINYL GRAY"
"3511417","3","9","4","12.990","0.000","1","1","1","N","LED PLUG/PLAY LAMP10W CW"
"3515590","3","1","4","5.990","0.000","1","1","1","N","INCAND C7 BULB 4W CLR4PK"
"3515624","3","-1","3","5.990","0.000","1","1","1","N","INCAND T10 BULB 40W CLR"
"3515657","3","0","1","1.990","0.000","1","1","1","N","INCAND A15 BULB 40W CLR"
"3516853","2","1","1","6.990","0.000","1","1","1","N","LFL BULB 15W T12 18"""
"3529740","0","2","1","14.990","0.000","1","1","1","N","HEADLIGHT VIS LED 100L"
"3532702","2","2","0","18.990","0.000","1","1","1","N","GFCI ST RECEPT 15A IV"
"355","70","6","-1","41.990","0.000","1","1","1","N","801 RFIT #3 SPLIT BOOT FLASHER"
"3561370","6","5",,"7.990","0.000","1","1","1","N","BULB HAL A19 53W SW 4PK"
"3565884","4","6","-23","5.990","0.000","1","1","1","N","LED ACE A19 60W EQ DAY"
"3640FL","0","1",,"16.990","0.000","1","1","1","N","HUMMINGBIRD DAHLIAS LG FLAG"
"36410","2","3","3","2.990","0.000","1","1","1","N","BOX HANDY W3/4""KO"
"36450","0","1","2","14.990","0.000","1","1","1","N","DOOR CHIME WHT 7.3X2X4"""
"3766052","1","1","1","31.990","0.000","1","1","1","N","MAGLITE LED 168L 2D BLK"
"3808607","2","2","1","11.990","0.000","1","1","1","N","DIM SWITCH LIGT ALM 600W"
"3853314","1","1",,"11.990","0.000","1","1","1","N","SWVL CLMP BAR LIGHT"
"388DW",,"179","39","11.990","0.000","1","1","1","N","3/8"" 4X8 DRYWALL"
"3894649","0","2","1","19.990","0.000","1","1","1","N","GLOW TUMBLER LIGHT"
"3914678","6","-1",,"3.590","0.000","1","1","1","N","BULB INCD A15 E12 WW 40W"
"397010","7",,,"1.890","0.000","1","1","1","N","HOSTESS BLUEBERRY MUFFIN"
"4000859",,"83",,"0.790","0.000","1","1","1","N","COUPLING 1/2"" COPPER"
"4002630","2","6","7","7.490","0.000","1","1","1","N","COUPL RED PVC DWV4X2"""
"4007795","6","5","3","3.590","0.000","1","1","1","N","ELBOW BLK 1"" 90 DEG"
"4007803","6","3","5","2.390","0.000","1","1","1","N","PLUG 1"" BLACK"
"4007829","2","15","5","2.990","0.000","1","1","1","N","COUPLNG BLK 3/4X1/2 RED"
"4007837","5","8","4","3.290","0.000","1","1","1","N","COUPLING REDUC BLK 1X3/4"
"4007845","6","10","5","2.590","0.000","1","1","1","N","ELBOW ST 90 BLACK 1/2"""
"4007878","3","7","4","4.990","0.000","1","1","1","N","TEE BLACK 1"""
"4007902","12","5","6","11.990","0.000","1","1","1","N","UNION IRON BLK 1"""
"40084","3","2","4","9.990","0.000","1","1","1","N","CONTRL VOL ACE 1/2FX"
"4008561","11","9","4","7.590","0.000","1","1","1","N","RING WAX EXTENDER KIT"
"4014825","1","2","1","21.990","0.000","1","1","1","N","WICK REPLACEMENT 8266"
"40203","3","2","2","4.590","0.000","1","1","1","N","BUMPER TOILET SEAT #24AP"
"4021507","0","1",,"13.990","0.000","1","1","1","N","STOVEPIPE CONNECT 6X7BLK"
"40254","5","5","3","8.590","0.000","1","1","1","N","BATH DRAIN FACEPLT CHRM"
"4027082","7","12","8","3.490","0.000","1","1","1","N","THREADSEALTAPE GAS LINE"
"4027132","12","15","4","4.590","0.000","1","1","1","N","RING WAX EXTRA THICK #10"
"40314","2","5","3","15.990","0.000","1","1","1","N","ELEMENT 4500W 240 VOLT"
"4032611","1","1",,"16.990","0.000","1","1","1","N","PANEL ACCESS CLMPON14X14"
"4033270","70","17","16","0.490","0.000","1","1","1","N","COMP INSERT 5/16"" BRS"
"4035697","1","1","1","3.990","0.000","1","1","1","N","ACE FAUCET LOCKNUT1/2""IP"
"4039426","5","11","6","5.590","0.000","1","1","1","N","CEMENT ALL PURPOSE 4OZ"
"4039434","0","1","3","7.590","0.000","1","1","1","N","CEMENT ALL PURPOSE 8OZ"
"40402","7","8","15","5.990","0.000","1","1","1","N","DUCT TAPE 1.88""X60YD ACE"
"40428","3","1","3","2.390","0.000","1","1","1","N","RING WAX #1 BOWL 8OZ"
"40429","15","8","6","2.990","0.000","1","1","1","N","RING WAX BOWL 8OZ NOSEEP"
"4044558","24","27","10","4.990","0.000","1","1","1","N","FILTER AIR PLEAT 16X20X1"
"40599","2",,,"11.990","0.000","1","1","1","N","FAUCET BARREL3/4""MIP THR"
"4066171","1","3","4","31.990","0.000","1","1","1","N","FIREBRICK 9X4.5X1.25""BX6"
"4067138","5","5","11","4.590","0.000","1","1","1","N","TEE RED BLK3/4X3/4X1/2""F"
"4068276","9","6","14","6.590","0.000","1","1","1","N","FLANGE BLACK 3/4"""
"4082806","4","2","5","0.790","0.000","1","1","1","N","GASKET CAP THREAD #39"
"40833","1",,,"4.590","0.000","1","1","1","N","DAMPER CAST IRON 3"""
"40929","0","0","1","3.990","0.000","0","0","1","Y","PLUNGER 6"" 18"" HNDL RED"
"40932","4","7","4","7.590","0.000","1","1","1","N","PLUNGER RUBBER 21"""
"4096418","24","80","23","2.390","0.000","1","1","1","N","PIPEWRP 1/2""CP 3/8""IR 6'"
"4096426","54","50",,"2.590","0.000","1","1","1","N","PIPE INSULATN6'3/4"" R2.2"
"4096442","8",,,"3.590","0.000","1","1","1","N","PIPE INSULATN6'1.25CR2.0"
"40969","17","13","9","1.490","0.000","1","1","1","N","PIPE THREAD CMPND 2OZ"
"4096921","2","0","1","27.990","0.000","1","1","1","N","TOILET SEAT ELNG WH/CHRM"
"4100467","13","13","8","8.590","0.000","1","1","1","N","CLEANR DRAIN LIQFIRE32OZ"
"41070","129","81","64","2.790","0.000","1","1","1","N","TUBE COPPER REF 3/8""X50'"
"41141","11","20","0","1.990","0.000","1","1","1","N","FILTER FURN GLS 14X24X1"""
"41144","31","12","31","1.590","0.000","1","1","1","N","CLAMP 9/16 TO 1-1/16""SS"
"41154","7","2","13","2.790","0.000","1","1","1","N","FLARE NUT 1/2""BRS"
"4115556","1","2","2","3.490","0.000","1","1","1","N","DETECTOR LEAK GAS 2OZ"
"41160","2","5","3","3.490","0.000","1","1","1","N","FLARE UNION 3/8""BULK"
"41177","5","5","7","3.490","0.000","1","1","1","N","FLARE ADPTR3/8X3/8BRS"
"41212","6","6","26","4.990","0.000","1","1","1","N","FLARE PLUG 5/8""BRS"
"4121513","0",,,"8.490","0.000","0","0","0","Y","SHUTOFF VLV 1/4"" STR QC"
"41225","16","3","4","1.290","0.000","1","1","1","N","COMPRSN NUT 1/2""BRS"
"4123097","0",,,"1.990","0.000","1","1","1","N","NIPPLE GALV  1/8"" X 4"""
"4123253","1","3","10","1.790","0.000","1","1","1","N","NIPPLE GALV 1/4""XCLOSE"
"4123279","1","5","3","1.790","0.000","1","1","1","N","NIPPLE GALV 1/4""X1.5"""
"4123527","3","3","5","1.990","0.000","1","1","1","N","NIPPLE GALV 3/8""X2"""
"4126728",,"0",,"1.190","0.000","1","1","1","N","NIPPLE BLACK 1/4""XCLOSE"
"4127569","5","11","8","1.390","0.000","1","1","1","N","NIPPLE BLACK 1/2""X2"""
"4127577","6","10","13","1.390","0.000","1","1","1","N","NIPPLE BLACK 1/2""X2.5"""
"4127585","2","10","8","1.390","0.000","1","1","1","N","NIPPLE BLACK 1/2""X3"""
"4127742","1","13","10","1.990","0.000","1","1","1","N","NIPPLE BLACK 1/2""X5.5"""
"4127783","2","12","5","1.990","0.000","1","1","1","N","NIPPLE BLACK 1/2""X6"""
"4128856","9","12","7","1.390","0.000","1","1","1","N","NIPPLE BLACK 3/4""X2"""
"4128914","4","10","5","1.390","0.000","1","1","1","N","NIPPLE BLACK 3/4""X2.5"""
"41290","27","33","48","0.490","0.000","1","1","1","N","INSERT BRASS 3/8"" BULK"
"4129268","3","11","3","2.390","0.000","1","1","1","N","NIPPLE BLACK 3/4""X6"""
"41293","63","1","24","0.790","0.000","1","1","1","N","COUPLE&STOP 1/2&1/2""COPR"
"4129383","2","5","3","4.590","0.000","1","1","1","N","NIPPLE BLACK 3/4""X12"""
"4129425","3","2","2","2.390","0.000","1","1","1","N","NIPPLE BLACK 1""X3"""
"4129441","7","3","4","2.590","0.000","1","1","1","N","NIPPLE BLACK 1""X4"""
"4129466","4","2","4","2.790","0.000","1","1","1","N","NIPPLE BLACK 1""X5"""
"4129532","3","1","1","5.990","0.000","1","1","1","N","NIPPLE BLACK 1""X12"""
"41332","10","28","13","0.590","0.000","1","1","1","N","CAP 1/2"" COPPER"
"4134235",,,"2","3.990","0.000","1","1","1","N","GASKET URINAL BOL WAX#6"
"4135463","5","6","10","4.590","0.000","1","1","1","N","CLEANR DRN DRNMX GEL32OZ"
"41579","0",,,"2.090","0.000","1","1","1","N","NIPPLE GALV 1/4""X1.5"""
"4162392","5","3",,"1.790","0.000","1","1","1","N","NIPPLE GALV 1/8""X3"""
"41736","60","44","56","0.390","0.000","1","1","1","N","COUPLE CPVC 1/2"" SXS"
"41738","96","43","44","0.390","0.000","1","1","1","N","ELBOW 90DEG CPVC 1/2"""
"41744","0","25","22","0.790","0.000","1","1","1","N","BUSHING CPVC 3/4X1/2"""
"41774","6","6","13","1.290","0.000","1","1","1","N","TEE INSERT POLY 3/4"""
"4184503","1","4","0","6.990","0.000","1","1","1","N","FLAPPER TOILET KORKY+"
"4192142","1","3","1","4.990","0.000","1","1","1","N","BOLTSETEZSNPBRS5/16X2.25"
"4192415","8","16","3","15.990","0.000","1","1","1","N","CREOSOTE SWEEPING LOG"
"4192472","5","7","5","2.990","0.000","1","1","1","N","HAIR SNAKE DRAIN OPENER"
"4193124","2","1","0","3.990","0.000","1","1","1","N","STOVE&GASKET CEMNT2.3OZ"
"4194908","3","3","3","19.990","0.000","1","1","1","N","SPLY LINE SS ICEMAKER10'"
"41990","9","12","4","0.490","0.000","1","1","1","N","ADAPTR INSRT POLY 1/2MPT"
"4199584","2","3","-1","3.990","0.000","1","1","1","N","SHIMS TOILET 5.5""X3.5"""
"41996","9","8","12","0.490","0.000","1","1","1","N","COUPLE INSERT POLY 3/4"""
"4200952","1",,"2","9.990","0.000","1","1","1","N","GASKET&3BOLT KT XTRA THK"
"4201265","3","5","9","3.990","0.000","1","1","1","N","HEX BUSHING GALV 1""X1/4"
"4203436","4","6","9","0.590","0.000","1","1","1","N","O-RING 2-3/8X2X3/16 #110"
"4206058","3","1","1","9.990","0.000","1","1","1","N","EXCESS FLOW POL 1/4""MPT"
"4208872","2","2","1","9.990","0.000","1","1","1","N","KOHLER 3 BOLT W/BEV WASH"
"4222451","1","3",,"9.990","0.000","1","1","1","N","TANK BOLT KIT 3/8X3-1/8"
"4230991","0",,,"26.990","0.000","1","1","1","N","POP-UP ASSEMBLY 1.25"" BN"
"4235461","2","2","1","22.990","0.000","1","1","1","N","UNIVERSAL TOILETREPAIR K"
"42373","1","2","1","11.990","0.000","1","1","1","N","THERMOCOUPLE 30"" ACE"
"4237566","0",,,"18.990","0.000","1","1","1","N","SS CON 1/2"" X1/2""  48"""
"4238895","2","3","2","7.990","0.000","1","1","1","N","FLANGE TAILPIECE 1-1/2"
"4252292","8","10","5","2.490","0.000","1","1","1","N","SHARKBITE DEMNT CLIP 1/2"
"4252342","2","2","3","2.490","0.000","1","1","1","N","SHARKBITE DEMNT CLIP 3/4"
"4263489","4","4","3","5.990","0.000","1","1","1","N","CLOSET RING STNLS STL"
"4263752","2","1","6","6.990","0.000","1","1","1","N","TEST PLUG SLIP 3"""
"42638","30","29","24","6.990","0.000","1","1","1","N","PIPE PVC DWV 1-1/2""X10'"
"4263919",,"3",,"4.590","0.000","1","1","1","N","PLUG RECESSED PVC 4"""
"4263968",,"3",,"2.590","0.000","1","1","1","N","PLUG RECESSED PVC 3"""
"42646","12","6","20","1.290","0.000","1","1","1","N","BUSHING PVC DWV2SPIG1.5H"
"42663","31","24","9","0.990","0.000","1","1","1","N","ELBOW 90 PVC DWV 1.5"""
"42664","20","25","13","1.090","0.000","1","1","1","N","ELBOW 90 PVC DWV 2"""
"4267233","0",,,"18.990","0.000","1","1","1","N","GASCN1/2ID1/2M1/2M48BULK"
"42678","17","9","10","1.790","0.000","1","1","1","N","TEE SAN PVC DWV1.5""HXHXH"
"4267993","23","97","98","0.590","0.000","1","1","1","N","PIPE STRAP 3/4 INCH"
"4268017","74","52","4","0.790","0.000","1","1","1","N","PIPE STRAP 1-1/4 IN"
"42718","6","6","2","4.490","0.000","1","1","1","N","TRAP P PVC DWV ADJ 2""HXH"
"42739","1","1","1","3.490","0.000","1","1","1","N","PLUG THREADED 3"" PVC"
"42755","4","3","3","9.990","0.000","1","1","1","N","REGISTER FLOOR 12X4"" BRN"
"42789","10","6","11","7.990","0.000","1","1","1","N","CLEANR DRAIN ACID ROTO32"
"42831","3","1","1","5.990","0.000","1","1","1","N","VALV SADDLE 1/4IDX3/4I"
"4294104","0",,,"69.990","0.000","1","1","1","N","FILTR WATR UNDRSNK EZ-L3"
"4294146","1","0","1","14.990","0.000","1","1","1","N","FILTER EZ-CHANGE LEVEL 1"
"4294534","0","1","1","16.990","0.000","1","1","1","N","GLOVES BROWN LEATHER"
"4299699","0","2","1","11.990","0.000","1","1","1","N","HYDROCLEAN FILL VALVE"
"4299707","1","1","1","12.990","0.000","1","1","1","N","TLT REPAIR KIT ADJ FLTLS"
"4300125","0","2","1","2.490","0.000","1","1","1","N","SHARKBITE DEMNT CLIP 3/8"
"4300539","0","0","1","11.990","0.000","1","1","1","N","HANDLES SMALL UNVRSL ACE"
"4303160","0","1","2","12.990","0.000","1","1","1","N","CLOGBUSTER 1""- 2"""
"4303178","0","2","1","13.990","0.000","1","1","1","N","CLOGBUSTER 1.5"" - 3"""
"43050","4","1","3","6.990","0.000","1","1","1","N","BOLT SET TOILET5/16X3""BR"
"4307195","1","1","1","13.990","0.000","1","1","1","N","WATERWISE TOILET VALVE"
"4308953","3","0","2","129.990","0.000","1","1","1","N","RAD KERO HEATER 10K BTU"
"4309142","0","2","2","49.990","0.000","1","1","1","N","FAUCET LAV CHRM 2H LL"
"4309464","0","2","2","13.990","0.000","1","1","1","N","DUALVALVE QT 1/2X3/8X3/8"
"4309563","7","4","6","10.990","0.000","1","1","1","N","QTVALV1/2FIPX3/8ODANGLF"
"4309829","3","3","4","9.990","0.000","1","1","1","N","QT VLV1/2SWT X3/8 ANG LF"
"43120","27","23","7","1.290","0.000","1","1","1","N","ADAPTR SCH40 1.5SL1.5MPT"
"43140","17","16","38","1.990","0.000","1","1","1","N","TEE 1.5"" SXSXS SCH40"
"4319828","30","42","4","7.590","0.000","1","1","1","N","COUPLE 1/2""PUSH BRS"
"4319919","6","29","4","7.990","0.000","1","1","1","N","PUSH ELBOW 1/2"" SB"
"4320172","3","5","7","11.990","0.000","1","1","1","N","SHARKBITE TEE 1/2"" LF"
"4320461","6","5","6","8.590","0.000","1","1","1","N","SHARKBITE COUPLE 3/4"" LF"
"4320719","5","8","3","9.490","0.000","1","1","1","N","SB RED CONN 1/2X3/4 M LF"
"4321204","3","2","3","12.990","0.000","1","1","1","N","SB SLIP COUPLING 1/2"" LF"
"4331617","33","4","5","3.490","0.000","1","1","1","N","FLARE ADPTR3/8X1/2FPT LF"
"43332","2","3","2","8.990","0.000","1","1","1","N","FLOOR REGISTR 12X2"" BRN"
"4335311","7","6","8","7.590","0.000","1","1","1","N","SPLYFCT3/8X1/2X24SS LL"
"4335345","5","1","1","15.990","0.000","1","1","1","N","SPLYWTRHTR3/4X3/4X24 LL"
"4335493","26","36","25","2.390","0.000","1","1","1","N","FAUCET COVER STYROFM"
"4335766","1","2","2","11.990","0.000","1","1","1","N","VLV GATE BRSS 3/4""IPS LF"
"4336962","2","5","1","9.990","0.000","1","1","1","N","VLVBALL FP 600IPS 1/4""LF"
"4336988","1","5","3","11.990","0.000","1","1","1","N","VLVBALL FP 600IPS 1/2LF"
"4337002","3","3","0","23.990","0.000","1","1","1","N","VLV BALL 1"" THREADEDLF"
"4337127","0",,"-1","12.990","0.000","1","1","1","N","BALL VALVE 1/2""IPS GP LF"
"4338075","10","6","12","4.990","0.000","1","1","1","N","COMP UNION 3/8X3/8""BR LL"
"4338653","8","2","12","2.990","0.000","1","1","1","N","HEX BUSHNG3/8X1/4 BRS LL"
"43388","0","2","2","3.590","0.000","1","1","1","N","SUCT CUP SOAPDISH WHPLS"
"4351565","5","3","3","6.990","0.000","1","1","1","N","FLARE ELBOW 1/2"" LF"
"435BRTRED","0","-2","-6","14.790","0.000","1","1","1","N","SMALL CORNERS 3 1/2"" BRIGHT RED"
"435BSLATE","0","7","-9","14.790","0.000","1","1","1","N","SMALL CORNERS 3 1/2"" B SLATE"
"435BWHITE","0","0","-2","14.790","0.000","1","1","1","N","SMALL CORNERS 3 1/2"" B WHITE"
"435CBROWN","0","-2","-27","14.790","0.000","1","1","1","N","SMALL CORNERS 3 1/2"" C BROWN"
"4375663","1","0","2","5.990","0.000","1","1","1","N","DRAIN COVER WHT"
"43824","3","2","2","15.990","0.000","1","1","1","N","TOILET SEAT RND BVL WH"
"4387437","3","4","1","9.990","0.000","1","1","1","N","RESCUE TAPE 1"" X 12' BLK"
"4389896","2","0","3","12.990","0.000","1","1","1","N","SINK HANDLE DELTA ACE"
"43911","51","12","0","1.590","0.000","1","1","1","N","CLAMP 1/2 TO 1-1/4""SS"
"43994","20","10","6","3.290","0.000","1","1","1","N","COUPLE 4""DWV X4""SCH40HXH"
"43996","4","4","4","7.990","0.000","1","1","1","N","BUSHING PVC DWV4""SPIG2""H"
"43997","5","6","3","5.990","0.000","1","1","1","N","BUSHING PVC DWV4""SPIG3""H"
"44000","9","6","6","5.590","0.000","1","1","1","N","ELBOW 45 PVC DWV 4"" HXH"
"44001","4","6","4","6.590","0.000","1","1","1","N","ELBOW 90PVC DWV 4"""
"44009","4","7","1","11.990","0.000","1","1","1","N","ELBOW 90 PVC DWV4""STREET"
"4403465","0",,,"5.990","0.000","1","1","1","N","SPPLY TOILT CLICK SEAL9"""
"44094","10","11","2","5.990","0.000","1","1","1","N","FLAPPER KORKY PLUS CARD"
"4424149","2","2","2","17.990","0.000","1","1","1","N","PERFORMAX HP FILL VALVE"
"4426185","3","2","0","13.990","0.000","1","1","1","N","SB WATR HEATR CONNCTR18"""
"44357","2","4","3","9.990","0.000","1","1","1","N","Y45PVCDWV4X4X2"""
"44398","1","3","3","6.590","0.000","1","1","1","N","TRAP+UNION P PVC1.5""HXJN"
"44411","1",,"3","35.990","0.000","1","1","1","N","GENERATOR MILLIVOLT 36"""
"44662","4","8","1","12.990","0.000","1","1","1","N","Y PVC 4X4X4 HXHXH"
"44663","5","7","3","8.590","0.000","1","1","1","N","TEE SAN PVC DWV 4""HXHXH"
"44664","5","2","4","7.990","0.000","1","1","1","N","ADAPTR C/O PVC 4""SPGXFPT"
"44699","14","16","47","1.490","0.000","1","1","1","N","ADAPTER 3/4"" FPT X CPVC"
"44765","21","25","22","1.990","0.000","1","1","1","N","FILTER FURN 16X20X1"" ACE"
"44766","6","11","17","1.990","0.000","1","1","1","N","FILTER FURN 16X25X1"" ACE"
"44767","38","28","17","1.990","0.000","1","1","1","N","FILTER FURN 20X20X1"" ACE"
"44769","19","18","18","1.990","0.000","1","1","1","N","FILTER FURN 14X20X1"" ACE"
"44781","1","0","1","12.990","0.000","1","1","1","N","HANDLES F/PR PFISTER"
"44917","0","12","7","1.990","0.000","1","1","1","N","FILTER FURN 14X25X1"" ACE"
"44929","2","2","0","5.590","0.000","1","1","1","N","ASH SHOVEL BLACK 20"""
"44974","3","1","0","12.990","0.000","1","1","1","N","ELEMENT1440W/120VWTRHTR"
"44978","2","2","1","13.990","0.000","1","1","1","N","ELEMENT 3800W WATRHT240V"
"44983","2","1","1","18.990","0.000","1","1","1","N","THERMOSTAT EL 120-160DEG"
"45002","6","8","3","7.990","0.000","1","1","1","N","ELBOW 22 PVC DWV 4""HXH"
"4500260","0","0",,"37.990","0.000","1","1","1","N","FP SCREEN ANTIQUE BRASS"
"4503181","5","6","5","9.990","0.000","1","1","1","N","SWVL FLR CONTR1/2X3/8 LF"
"4503249","23","9","6","3.490","0.000","1","1","1","N","FLARE UNION 3/8""LF"
"4503256","5","5","2","4.490","0.000","1","1","1","N","FLARE UNION 1/2X1/2"" LF"
"4503561","5","4","4","3.990","0.000","1","1","1","N","COMPRSSN CAP 5/8"" LF"
"4504023","7","7","5","4.990","0.000","1","1","1","N","COMP UNION5/16""YB LF ACE"
"4505202","4","1","7","6.990","0.000","1","1","1","N","RED COUPL3/4X1/2FPT LF"
"4514311","10","3","0","32.990","0.000","1","1","1","N","PACK JOINT UNION 3/4"" LF"
"4514378","24","18","21","2.990","0.000","1","1","1","N","INSERT STIFFENER 3/4"""
"4514394","31","13","27","3.490","0.000","1","1","1","N","SS I STIFFENER 3/4"" IPSX"
"4517090","1","0",,"169.990","0.000","1","1","1","N","ELECTRONIC VALVE H20 NG"
"4518619","1","1","2","11.990","0.000","1","1","1","N","HYDROSTOP TLT REPAIR KIT"
"4519013","1","0","1","14.990","0.000","1","1","1","N","TOILET PLUNGER BEEHIVE"
"45222","3","4","3","9.990","0.000","1","1","1","N","ACE TUBE CUTTER 1-1/8"""
"45281","2","13","13","2.990","0.000","1","1","1","N","PIPE THREAD CMPD TFE 1OZ"
"45282","4","12","11","4.490","0.000","1","1","1","N","PIPE THREAD CMPD TFE 4OZ"
"45300","24","12","12","9.990","0.000","1","1","1","N","PIPE STOVE BLK 24G 6X24"""
"45303","12","8","8","12.990","0.000","1","1","1","N","ELBOW 90 CORR 24G 6"" BLK"
"45309","2","6","3","5.590","0.000","1","1","1","N","COLLAR BLK PIPE 24G 6"""
"45391","4","2","2","8.990","0.000","1","1","1","N","ELEMNT SCKETWRNCH 1-1/2"""
"45404","1","0","1","14.990","0.000","1","1","1","N","BRUSH CHIMNEY 6"" ROUND"
"45438","3","4","3","3.990","0.000","1","1","1","N","BOLT TOILET SEAT HINGE2"
"4544326","0",,,"49.990","0.000","1","1","1","N","LAV FAUCET 2H CH W/PU"
"4546248","1",,,"109.990","0.000","1","1","1","N","FAUCET T&S1H BN METAL OB"
"4547048","1",,,"99.990","0.000","1","1","1","N","LAV FAUCET 2H BN W/PU"
"4553061","1",,,"3.590","0.000","1","1","1","N","LEVER FLUSH ECON BAGGED"
"45558","1","1","5","16.990","0.000","1","1","1","N","PIPE BLACK TBE 3/4""X36"""
"4558474","0",,,"34.990","0.000","1","1","1","N","TBLTP HUMIDIFIER 0.4G WH"
"45626","0","2","2","16.990","0.000","0","1","1","Y","VALVE BALL SCH40 2"" SXS"
"4567186","2","2","1","2.390","0.000","1","1","1","N","PIPE PEX 1/2 X 5 RED"
"4567269","2","9","2","6.490","0.000","1","1","1","N","PIPE PEX 3/4 X 10 RED"
"4567319","4","10","7","3.990","0.000","1","1","1","N","PIPE PEX 1/2 X 10 RED"
"4568978","1","2","1","6.490","0.000","1","1","1","N","UNVSL TOILET SPLYLINE12"""
"4587481","2","0","4","419.990","0.000","1","1","1","N","WTR HTR ELEC 30G MED 6YR"
"4594099","0","1",,"139.990","0.000","1","1","1","N","HUMIDIFIER 2700SF 6 GAL"
"4595088",,,,"2.590","0.000","1","1","1","N","FILTER FBRGLS 16X20X1"
"4595385",,,,"2.590","0.000","1","1","1","N","FILTER FBRGLS 20X20X1"
"4595567","3","1","2","9.990","0.000","1","1","1","N","GORILLA TAPE BLACK 35YD"
"4596623","2","2","3","3.590","0.000","1","1","1","N","GORILLA TAPE-TO-GO"
"4597373",,,"6","25.990","0.000","1","1","1","N","COUPLR 3/4"" IPS X IPS SB"
"4614145","2","0",,"4.990","0.000","1","1","1","N","T-REX DUCT TAPE 12YD"
"46166","6","5","5","4.590","0.000","1","1","1","N","HAIR SNARE DRAIN CVR ACE"
"46347","1","3","5","8.990","0.000","1","1","1","N","ADAPTER PVC DWV4""H X MPT"
"46366","5","12","6","0.990","0.000","1","1","1","N","COUPLE&STOP 1/4&1/4""COPR"
"46571","2","0","1","5.990","0.000","1","1","1","N","GASKET STOVE1/4-5/16""X7'"
"46624","3","4","3","7.990","0.000","1","1","1","N","CEMENT FURNACE QT BLK#65"
"46630","0","2","1","5.990","0.000","1","1","1","N","GASKET STOVE 5/8""X7'TAPE"
"46633","2","2","0","7.590","0.000","1","1","1","N","GASKET STOVE WINDOW 4.5'"
"46713","1","1","1","44.990","0.000","1","1","1","N","DIVERTR 2HDL CELCON YJ68"
"46744","5","6","3","3.990","0.000","1","1","1","N","BOLT SET TOILET 2.25""BRS"
"46952","1","3","9","3.990","0.000","1","1","1","N","FLARE RED UNION 1/2X3/8B"
"47039","1","4","2","5.490","0.000","1","1","1","N","HOSE ADAPTR 3/4X3/4""BRS"
"4705414",,"1","1","8.990","0.000","1","1","1","N","SHWR WALLMNT 3SETTING WH"
"4705513","0","2","1","19.990","0.000","1","1","1","N","HANDHELD SHWRHD 5SET WHT"
"47315","-1","0",,"16.990","0.000","1","1","1","N","HYDRANT REPAIR KIT"
"47457","7","4",,"8.590","0.000","1","1","1","N","VENT HOOD DRYER 4 B ACE"
"47508","0","0","1","4.990","0.000","0","0","1","Y","FAUCET SINK CELCON 3/4"""
"47509","149","0",,"0.990","0.000","1","1","1","N","THREAD SEAL TAPE 1/2X260"
"47523","3","4","3","9.990","0.000","1","1","1","N","METAL REPAIR TAPE 50YD"
"47549","2","9","2","12.990","0.000","1","1","1","N","ELBOW 90L PVC DWV 4""HXH"
"47551","5","10","4","8.590","0.000","1","1","1","N","CAP PVC SCH40 4"" SLIP"
"477435","0","3","0","4.990","0.000","1","1","1","N","GUMABONE CHICKEN BONE-REGULAR"
"47775","3","3","3","2.990","0.000","1","1","1","N","ELBOW 90 STREET 3/8""GALV"
"47779","5","2","11","2.990","0.000","1","1","1","N","TEE GLV 1/4"" EQL"
"47784","3","6","11","2.790","0.000","1","1","1","N","COUPLNG GLV 1/4"" EQL"
"47818","14","18","17","2.590","0.000","1","1","1","N","TEE BLK 1/2"" EQL"
"47819","9","9","4","3.590","0.000","1","1","1","N","TEE BLK 3/4"" EQL"
"47822","4","8","10","1.790","0.000","1","1","1","N","CAPS BLK 1/2"""
"47888","6","19","14","1.990","0.000","1","1","1","N","COUPLE PVC S&D 4"" HXH"
"48035",,,"4","5.990","0.000","1","1","1","N","CAP PVC S&D 6"" SOLV WELD"
"4809513","9","2","14","6.990","0.000","1","1","1","N","PRIMER/CMNT PRPL/CLR 2PK"
"4812012","19","14","3","5.990","0.000","1","1","1","N","PEX CLAMP 1/2"" 10PK"
"48163",,,"25","5.990","0.000","1","1","1","N","TEE PVC SEWER&DR 4""HXHXH"
"48507",,,,"1.990","0.000","1","1","1","N","FILTER FURN POLY 16X20X1"
"48509",,,,"1.990","0.000","1","1","1","N","FILTER FURN POLY 20X20X1"
"48580","1","1","0","129.990","0.000","1","1","1","N","PUMP SUMP 1/2HP ACE"
"4870960","9","7","9","4.590","0.000","1","1","1","N","COUPLING FLEX 1-1/2"" PVC"
"4871026","4","7","5","5.590","0.000","1","1","1","N","COUPLE FLEX 2X1.5 SOCKET"
"4871166","7","5","8","6.990","0.000","1","1","1","N","DWV FLEX COUPLING 3""X3"""
"4873303","1","6","0","4.990","0.000","1","1","1","N","DWV PVC CAP FLEX 4"""
"4877296","1","0",,"49.990","0.000","1","1","1","N","KIT FCT W/SPRY 1H CHRM"
"4877353","3","3","2","44.990","0.000","1","1","1","N","KIT FCT W/SPRAY 2H CHRM"
"4883997","1",,,"8.990","0.000","1","1","1","N","FEMALE ADPTR 1/2"" CSST"
"4884003","2",,,"49.990","0.000","1","1","1","N","TUBING 1/2""X25FT CSST"
"49005",,"0","5","6.990","0.000","1","1","1","N","ADAPTER DWV-S&D 4""HXH"
"49089","3","1","2","5.590","0.000","1","1","1","N","CEMENT PVC 8OZ"
"49563","1","4","4","14.990","0.000","1","1","1","N","FILTER 50 MICRON JUMBO"
"496031","29",,,"1.990","0.000","1","1","1","N","SLIM JIM BEEF & CHEESE STICK"
"49823","4","1","2","4.990","0.000","1","1","1","N","BOLT SET TOILET1/4X3.5NK"
"4COS","12","4","8","42.990","0.000","1","1","1","N","4"" CORRUGATED SOLID PIPE"
"50244","40","30","0","1.990","0.000","1","1","1","N","KEY SCHLAGE SC4-ACE"
"5026430","10","8","3","0.790","0.000","1","1","1","N","WIRE ROPE CLIP 1/16""GALV"
"5026844","0","2","1","6.990","0.000","1","1","1","N","STRIKE HVY DTY1-1/8X6BRS"
"5029327","4","3","3","1.990","0.000","1","1","1","N","SCREW EYE .284X2-5/8 CD2"
"5029459","2","5","3","1.990","0.000","1","1","1","N","HOOK S ZN .071X11/16 CD8"
"5039946","0","0","1","13.990","0.000","0","0","1","Y","ALARM ENTRY PROGRAM120DB"
"50406","1","0","1","29.990","0.000","1","1","1","N","LOC ENTRY GEORGN AB VP"
"5048210","0",,,"2.790","0.000","1","1","1","N","SNAP BOLT RND 3-11/16CRD"
"50598","1","9","5","3.590","0.000","1","1","1","N","WIRE ALUMINUM 18GA 50FT"
"5071899","1","1","1","22.990","0.000","1","1","1","N","LOCK ENTRY TYLO 2PK BB"
"5073507",,"0","0","1.790","0.000","1","1","1","N","KEY KWIKSET KW1-ACE250PK"
"5073523",,"249","0","1.790","0.000","1","1","1","N","KEY MASTER M1-ACE250PK"
"5073531","441","695","0","1.990","0.000","1","1","1","N","KEY SCHLAGE SC1 250PK"
"5091301","1","0","3","3.590","0.000","1","1","1","N","HOOK MINI HLDS1/2LB 3M"
"5091897","3","2","3","3.990","0.000","1","1","1","N","HOOK SMALL HLDS 1LB 3M"
"50CRACK","83","59","131","7.190","0.000","1","1","1","N","50# CRACK CORN"
"51131","2","4","2","4.990","0.000","1","1","1","N","CASTR 1-5/8PL BL ACE CD2"
"51206","8","11","2","2.790","0.000","1","1","1","N","SNAP QUIK RNDEYE2-7/8"""
"5122049","10",,,"1.590","0.000","1","1","1","N","SIGN NO TRESPASSING R/W"
"51243","2","5","1","3.590","0.000","1","1","1","N","TIP LEG RBBR BLK1-1/8CD4"
"51421","2",,,"11.990","0.000","1","1","1","N","ANGLE 1/16X3/4X8' ALUM"
"51480","8",,"10","1.990","0.000","1","1","1","N","HOOK CLOTHSLN5/16""X6"""
"5150313","5","0","-2","0.790","0.000","1","1","1","N","RING BINDER 2"" BX/25"
"51608","3","10","9","2.390","0.000","1","1","1","N","BOLT U 5/16""X1-3/8""X2.5"""
"51610","2","9","11","2.390","0.000","1","1","1","N","BOLT U 5/16""X2""X3"""
"5161195","0",,,"16.990","0.000","1","1","1","N","ORGANIZR KEY W/O LOCK24"""
"51613","8","8","10","2.590","0.000","1","1","1","N","BOLT U 5/16""X1.75""X4.19"""
"51619","165","7","8","2.790","0.000","1","1","1","N","TURNBKL 3/16""X4"" EE"
"5172168","0",,,"13.990","0.000","1","1","1","N","FLASHING ALUM VERSA20X10"
"51847","1","3","0","9.590","0.000","1","1","1","N","CLOTH HDW 24""X5' 1/2""MSH"
"51848","2","3","1","13.990","0.000","1","1","1","N","CLOTH HDW 24""X5' 1/4""MSH"
"5188081","9","12","7","3.990","0.000","1","1","1","N","ACE ROOF NAIL 1.25""EG 1#"
"5188198","3","13","6","3.990","0.000","1","1","1","N","ACE ROOF NAIL 1.5""EG 1LB"
"5191754","0",,,"17.990","0.000","1","1","1","N","ORGANIZER 24 KEY W/LOCK"
"5193438","1","2","2","26.990","0.000","1","1","1","N","ACE TIMBER TIE 6"" 5#"
"5196605","1","1","0","16.990","0.000","1","1","1","N","CLOTH HDW 24""X5' 1/2""GRN"
"52026","10","5",,"1.990","0.000","1","1","1","N","LINK CHAIN LP 3/8X1-5/8"""
"52046","18","0","0","3.990","0.000","1","1","1","N","KEY TOYOTA TR47-ACE"
"52071","13","8","7","0.790","0.000","1","1","1","N","WIRE ROPE CLIP 1/8"" GALV"
"5209887","8","23","4","2.790","0.000","1","1","1","N","CONCRETE MIX 10#QKRTE"
"52110","-1","3","3","8.990","0.000","1","1","1","N","ROD THREAD 5/8X36STL RED"
"52116","0","4","3","14.990","0.000","1","1","1","N","ROD THREAD 5/8X72STL RED"
"5214994","0","0",,"28.990","0.000","0","0","0","Y","LOCK ENTRY GEO STN NKL"
"52156","2","0","14","1.790","0.000","1","1","1","N","DOWEL FSC 7/16X48"" GREEN"
"5216437","3","0","3","11.990","0.000","1","1","1","N","SLOT ANGLE 1.25X1.25X48"""
"52244","7","4","1","4.590","0.000","1","1","1","N","ACE FINISH NAIL6D 2"" 1#"
"52267","17","5","7","11.990","0.000","1","1","1","N","ACE SINKER NAIL16D3.255#"
"5238407",,"2",,"28.990","0.000","1","1","1","N","ENTRY LEVER WAVE  PB"
"5238647","0","3","2","14.990","0.000","1","1","1","N","ENTRY KNOB BALL  PB"
"5247945",,"0","2","2.990","0.000","0","0","1","Y","RING KEY COILED W/SNAP"
"52498","2","2","5","2.990","0.000","1","1","1","N","CUP CSTR 1.5ID SQ CD4 BR"
"5266143","1","1","1","19.990","0.000","1","1","1","N","MAILBOX RURAL T1ELITE GR"
"5266176","0","1","1","19.990","0.000","1","1","1","N","MAILBOX RURAL T1ELITE BL"
"52734","0",,,"2.990","0.000","1","1","1","N","SIGN NO HUNT FISH TRESP"
"52826","4","9","3","1.990","0.000","1","1","1","N","NAIL STEEL 7/8X17 2OZ"
"5287370","1","2",,"5.990","0.000","1","1","1","N","HASP FXD STPL DBL4-1/2ZN"
"5288873","2","7","6","4.990","0.000","1","1","1","N","HANDRAIL BRCKT 3-3/8""BB"
"5290127","9","9","9","4.590","0.000","1","1","1","N","CORNR BRACE 2X5/8""ZN 4PK"
"5290465","1","2","1","5.990","0.000","1","1","1","N","CORNER BRACE3-1/2""ZN4PK"
"5291919","3","6","5","4.590","0.000","1","1","1","N","CORNER BRACE FLAT2-1/2ZN"
"5294939","4","1","6","4.990","0.000","1","1","1","N","DOOR STOP RIGID HD 3""WHT"
"52970","10","2",,"11.990","0.000","1","1","1","N","CABLE COILED 1/4""X6'"
"5298401","2","2","3","11.990","0.000","1","1","1","N","HINGE CONTIN 1-1/2X30 NI"
"5302567","1","2","1","5.590","0.000","1","1","1","N","CAM LOCK KA 1/2"" CRM"
"5302583","2","4","2","5.990","0.000","1","1","1","N","CAM LOCK KA 3/4"" CRM"
"5303128","1","0","1","3.590","0.000","1","1","1","N","FELTSTRP SLF ADH1/2X4""HD"
"5315601","1","0",,"12.990","0.000","1","1","1","N","DR SWP EXV BRZ 36"""
"53160","29","2","10","21.990","0.000","1","1","1","Y","FELT ROOFING PAPER 30LB"
"5327218",,"4",,"2.490","0.000","1","1","1","N","SCREW DW PH FN 6X1 100PC"
"5327275",,"2",,"2.490","0.000","1","1","1","N","SCRW DW PH FN 8X2.5 50PC"
"5332085","0",,,"9.990","0.000","1","1","1","N","ALL CLIM A&M WS 10' BLK"
"5333802",,"4","1","7.590","0.000","1","1","1","N","ANCHOR 8-10 PLASTIC CD50"
"5335302",,"8","8","4.590","0.000","1","1","1","N","TOGGLE BOLT RH 1/4X3 CD6"
"5335906","0",,,"2.990","0.000","1","1","1","N","FOAM TAPE3/16X3/8X17' WH"
"53368","2","18","2","4.590","0.000","1","1","1","N","ACE FINISH NAIL10D 3"" 1#"
"5336847","9","1","3","9.990","0.000","1","1","1","N","SPRING LINK 3/8X316L SS"
"5337795",,"3","0","5.990","0.000","1","1","1","N","SCR HXW SD TAP8X1/2 100P"
"5344676","1","0",,"14.990","0.000","1","1","1","N","DEADBOLT SNGL CYLMOBILPB"
"53559","1","3","0","15.990","0.000","1","1","1","N","CLOTH HDW 36""X5' 1/2""MSH"
"53560","2","2","0","16.990","0.000","1","1","1","N","CLOTH HDW 36""X5' 1/4""MSH"
"5360383","0","2","5","1.990","0.000","1","1","1","N","HOOK S ZNC .118X1 CD6"
"5360615","0",,,"15.990","0.000","1","1","1","N","CUP HOOK BRS .079X5/8""P"
"5364856","101","204","217","0.390","0.000","1","1","1","N","CABLE 1/16"" 7X7 GALV"
"5364864","365","261","354","0.590","0.000","1","1","1","N","CABLE 3/32"" 7X7 GALV"
"5365820","9","24",,"1.590","0.000","1","1","1","N","CHAIN HOBBY #200 BRS 49'"
"5383716","0","4","4","2.790","0.000","1","1","1","N","CATCH MAGNTC PLASTIC TAN"
"5384441","7","6","8","3.590","0.000","1","1","1","N","HINGE MNT SLF CLS RB BRZ"
"5393012","0",,"1","14.990","0.000","1","1","1","N","LUGGAGE LOCK22MM PK4"
"5401542","71","63","68","2.590","0.000","1","1","1","N","RAFT-R-MATE 22.5X48"""
"5404504","0","1","1","36.990","0.000","0","1","1","Y","DEADBOLT SGL AGEBRZ"
"5410626","0","0","0","4.590","0.000","0","0","0","Y","CABINET CATCH WH 6PK"
"54132",,"1","2","5.590","0.000","1","1","1","N","ACE COMMON NAIL20DF 4""1#"
"5426523","1","0","1","8.590","0.000","1","1","1","N","SLIDE 3.5"" RND CARPET"
"5427612","1","0",,"5.590","0.000","1","1","1","N","DISNEY FINDING NEMO KW1"
"5437553","0","2","1","3.990","0.000","1","1","1","N","JAMB BRACKET BLK"
"54379","8","3","11","4.590","0.000","1","1","1","N","PAD FELT 3/4""CIRCLE 20PK"
"5456496","0","1",,"14.990","0.000","0","1","0","Y","MACE PEPR SPRY POCKT PNK"
"54759","0","0","58","0.290","0.000","0","0","1","Y","RING KEY SPLIT 3/4"""
"54761","26","0","31","0.390","0.000","1","0","1","Y","RING KEY SPLIT 1"""
"54805",,,"52","5.690","0.000","0","0","1","Y","DRIPEDGE F4-1/2 WT AL10'"
"55723",,"0",,"12.990","0.000","1","1","1","N","ROOF VENT 40SQ""BLK ALUM"
"55879","0","11","-2","1.990","0.000","1","1","1","N","SIGN FOR RENT AL 10X14"""
"55BS",,"0",,"3.250","0.000","1","1","1","N","55"" BED SLATS"
"56","0","0","0","0.000","0.000","1","1","1","N","FASTENERS"
"5604848","0","115","14","21.130","0.000","1","1","1","N","INSULATION R13KRFT15X32'"
"5606181","10","12","10","4.990","0.000","1","1","1","N","CONTRACTOR SHIMS12"" 42PK"
"5606942","0",,,"11.990","0.000","1","1","1","N","HALF BASE ZMAX BC60Z 6X6"
"5606983","30","68","50","1.590","0.000","1","1","1","N","JOIST HANGER LUS28Z"
"5639927","0","0",,"14.990","0.000","0","0","0","Y","PHOTOELEC SMK ALARM SLIM"
"5666805","1",,,"11.990","0.000","1","1","1","N","DOOR BOTTOM ""L"" 36""BRWN"
"5666888","1","2",,"4.990","0.000","1","1","1","N","VINYL GASKET 1/2""X17'WHT"
"5670971","0","1",,"8.990","0.000","1","1","1","N","DOOR SWEEP W/PILE 36""BRN"
"5677372","35","30","30","1.990","0.000","1","1","1","N","WOOD SHIMS 8"" 12PK"
"5690656","2",,,"4.990","0.000","1","1","1","N","KEYRING INFINITY SS"
"57730","1","0","1","12.990","0.000","1","1","1","N","MAILBOX POLY BLK #1SIZE"
"5800230","0",,"2","14.990","0.000","1","1","1","N","LOCK EN MOBLHOME US3 CP"
"5800651","0","3","1","13.990","0.000","1","1","1","N","LOCK ENTRY TYLO US3 VPC"
"5804604","0",,,"16.990","0.000","1","1","1","N","DEADBOLT MOBILE SGL US3"
"5804646","2","1","1","14.990","0.000","1","1","1","N","DEADBOLT SGL CYL US3"
"58205","3",,,"15.490","0.000","1","1","1","N","FILM POLY CLR3MIL 10X25'"
"58588","0","2","1","4.990","0.000","1","1","1","N","TAPPER BIT 5/32""X4-1/2"""
"58591","-2","0","-18","21.990","0.000","1","1","1","N","RAWL TAPR FHP 3/16X2-1/4"
"58594","-2","0","-26","17.490","0.000","1","1","1","N","RAWL TAPR HWH 3/16X1-1/4"
"58908","4","1",,"4.590","0.000","1","1","1","N","INSERT VINYL THRESHOLD"
"5935960","1","0","0","3.990","0.000","1","0","0","Y","DECORATIVE KEY RING"
"5936539","30","1","4","2.990","0.000","1","1","1","N","KEY CAPS 4PK"
"5936695",,"1",,"0.990","0.000","1","1","1","N","CD HARD ID TAG W/RING"
"5937453","10","5",,"0.490","0.000","1","1","1","N","M-11 MASTER PADLOK BL(S)"
"5938055","9","5","6","2.990","0.000","1","1","1","N","KW-1 RED COLORPLUS KEY"
"5939020","1","2","0","3.590","0.000","1","1","1","N","CD DISNEY PVC KC-MINNIE"
"5975107","2","2","1","44.990","0.000","1","1","1","N","BATT SLIM SMK & CO ALARM"
"5975545","1","1","2","59.990","0.000","1","1","1","N","PLUG IN CO/EXP.GAS ALARM"
"5977343","1","3","1","49.990","0.000","1","1","1","N","SMK&CO ALRM BATT W/VOICE"
"5986518","0",,,"54.990","0.000","1","1","1","N","DRLK KNOB ENTRY COMBO SN"
"5988688","2","5","1","1.990","0.000","1","1","1","N","OUTLET PLUG TRNSLUC 12PK"
"5989066","2",,,"2.990","0.000","1","1","1","N","OUTLET PLUG TRNSLUC 24PK"
"5989272","1","2",,"3.590","0.000","1","1","1","N","CABINET SLIDE LOCK WT 2P"
"5990932","0","2","2","69.990","0.000","1","1","1","N","BENJILOCK MINI CLAM WH"
"6003424",,"0",,"9.990","0.000","1","1","1","N","UTILITY MAT 28X18"" GRN"
"6016158","0","2","1","9.990","0.000","1","1","1","N","LOK-LIFT RUG GRIP2.5X25'"
"6100879",,,,"8.990","0.000","1","1","1","N","BRUSH BOWL LOOP CHR/CLR"
"6102941","0","2",,"59.990","0.000","1","1","1","N","GRID IRON GRIDDTE LODGE"
"6102966",,"1",,"74.990","0.000","1","1","1","N","DUTCH OVEN 7QT LOGIC CI"
"6103071",,"0","0","79.990","0.000","1","1","1","N","HEATR WHOLE ROOM VORNAD"
"6126197","1",,,"8.990","0.000","1","1","1","N","GLOVE NITRILE 50PK ONESZ"
"61329","0","0","2","29.990","0.000","1","1","1","N","SCOTT TOILET PAPER JUMBO"
"61739","2","3","1","11.990","0.000","1","1","1","N","SHARPENER KNIFE ACU-SHRP"
"6179451","0","1",,"39.990","0.000","1","1","1","N","COMBO COOKER 3 QT"
"6181374","6",,,"7.990","0.000","1","1","1","N","RED ULTRA PURE OIL 32 OZ"
"6184568","6","0",,"1.990","0.000","1","1","1","N","PEZ DISPNSR ACE TRUCK"
"6186753","1","7","2","11.990","0.000","1","1","1","N","ACE BAG 39GAL 32CT DRAW"
"6204457","2","2","1","2.990","0.000","1","1","1","N","HOUSEHOLD GLOVE SM"
"6220750","30",,"8","3.590","0.000","1","1","1","N","LITHIUM BATTERIES3V 9PK"
"6225478","44",,"1","1.990","0.000","1","1","1","N","BLACK MARKERS 8PK"
"6273668","10","9",,"7.990","0.000","1","1","1","N","CLEAR ULTRA PUREOIL32OZ"
"6295950","7","3","6","12.990","0.000","1","1","1","N","FLEX SEAL WHITE 14OZ"
"6297956","4",,"6","13.990","0.000","1","1","1","N","TRSH BAG 13GAL 90CT ACE"
"6303036","0","0",,"19.990","0.000","1","1","1","N","AIR CIRCULATOR 8"" BLACK"
"6314876",,"0",,"1.990","0.000","1","1","1","N","EXTENDABLE FUNNEL"
"6320709","1","1","0","18.990","0.000","1","1","1","N","PORTABLE HEATER RED 250W"
"6339659",,,,"17.990","0.000","1","1","1","N","DRIP PANS CHR STYLE A4PK"
"6355796","1","0","1","7.990","0.000","1","1","1","N","ACE GLOVES NITRILE L 3PK"
"6358246",,"0",,"7.990","0.000","1","1","1","N","GRDN GLOVS LATEX 3PK S/M"
"63598","0","1","1","2.790","0.000","1","1","1","N","GAUGE RAIN GLASS"
"6494215","0",,,"14.990","0.000","1","1","1","N","SAMURAI 360 KNIFE"
"6525034",,"8",,"6.990","0.000","1","1","1","N","DELUXE NECKLACE FAN ASST"
"6531412","25","0","7","3.590","0.000","1","1","1","N","BATTRY BTN MERC FREE30PK"
"6692982","14","0","6","7.590","0.000","1","1","1","N","QUILTED NRTHRN TP 6ROLL"
"70044","2","0",,"39.990","0.000","1","1","1","N","ACE SCOOP ALUM DHNDL #12"
"7007123","1","2","1","6.490","0.000","1","1","1","N","PIN HITCH 5/8X6-1/4""ZINC"
"7015621","2","-1","1","22.990","0.000","1","1","1","N","BUCKET MUCK 70 QT"
"70186","1","0",,"99.990","0.000","1","0","0","Y","BLADE SCYTHE WEED 26"""
"70206","2","2","2","29.990","0.000","1","1","1","N","TRASH CAN32GAL BRUTE GRA"
"7057615","19","165",,"4.990","0.000","1","1","1","N","ICE MELT 10# BAG ACE"
"7066673","0","7","6","3.590","0.000","1","1","1","N","SPARKPLUG RJ19LM CHAMP"
"7118128","1","1","1","13.990","0.000","1","1","1","N","SUPER WEDGE 4 LBS"
"7119233","1",,,"38.990","0.000","1","1","1","N","SHOVEL RNDPNT LONG-H 48"""
"7178395","0","2","1","22.990","0.000","1","1","1","N","DECK & PATIO HOSE 50'"
"7195431","0","0","2","32.990","0.000","1","1","1","N","PRSSR MSTR HOSE5/8""X50'"
"7196140","14","9","4","6.990","0.000","1","1","1","N","TRUFUEL 50:1 32OZ"
"7222243","50",,,"8.490","0.000","1","1","1","N","CLEAN & PROTECT 40#"
"7229784","7",,"7","3.990","0.000","1","1","1","N","POLY TARP 4'X6' HP"
"72372","1","1","2","6.590","0.000","1","1","1","N","Q-CONNECT 2MALE 1FEMALE"
"72434","60","43","4","2.590","0.000","1","1","1","N","ACE TOP SOIL 40#"
"7303324","0","0","1","16.990","0.000","1","1","1","N","2WAY SHTOFF VLV"
"7314974","0",,,"4.990","0.000","0","0","0","Y","GLOVE COATED GARDEN LG"
"7325434",,"2",,"2.990","0.000","1","1","1","N","CEILING HOOK 6 PK WHITE"
"7384621","2","2","1","7.590","0.000","1","1","1","N","TWIST TIE W/CUTTER 160'"
"7404973","3","2","6","17.990","0.000","1","1","1","N","POULTRY FEEDER 11LB"
"7455439","4","0","3","13.990","0.000","1","1","1","N","BAIT NUGGET 4LB POUCH"
"7462633","0",,"3","19.990","0.000","1","1","1","N","TOMCAT BAIT CHUNX 4LB"
"7475742",,"9","11","12.990","0.000","1","1","1","N","BED BUG BLACK POWDER 4OZ"
"7502339","3","2","2","9.990","0.000","1","1","1","N","ACE GLOVES UTILITY XL"
"7502446","1","3","3","14.990","0.000","1","1","1","N","ACE GLOVES EXTREME BLK M"
"7521040","8","7","8","6.590","0.000","1","1","1","N","MOTH BALLS OLD FASH 16OZ"
"75436","3","3","1","3.590","0.000","1","1","1","N","FABRIC PEGS CLIPSTRIP"
"7561897","0","1",,"14.990","0.000","1","1","1","N","ACE BLIZZARD GLOVE XL"
"7566730","0","0","0","5.990","0.000","0","0","0","Y","MICE BAIT STATION 3PK"
"7567134","14",,"11","2.990","0.000","1","1","1","N","EASY SET RAT TRAP BAITED"
"7567159","7","6","6","3.990","0.000","1","1","1","N","QUICKSET MOUSE TRAP 2PK"
"76943","2","4","1","7.990","0.000","1","1","1","N","NOZZLE TWIST 4"" BRASS"
"7699846","0","1",,"79.990","0.000","1","1","1","N","5MIN BED BUG KILLER 1GAL"
"7802994","2","2","1","6.990","0.000","1","1","1","N","CHEM GLOVE BLK PVC LG"
"795BRTRED","0","-1","0","9.990","0.000","1","1","1","N","ICE GUARD BRIGHT RED"
"795BSLATE","0","0","0","9.990","0.000","1","1","1","N","ICE GUARD BURN. SLATE"
"8002891","0","1","3","18.990","0.000","1","1","1","N","BOOT BUFFALO 14"" BLK SZ9"
"8008908","0",,,"5.990","0.000","1","1","1","N","WILD BITS TRT SALMN 4OZ"
"8009748","4","3","0","8.590","0.000","1","1","1","N","CORD BUNGEE 6PK AST"
"8012247","0",,,"44.990","0.000","1","1","1","N","LEAD DOG RETRACT26'110#"
"8021785",,"4",,"12.990","0.000","1","1","1","N","KINGSFORD BRIQUETS 16LB"
"8024427","0","0",,"7.590","0.000","1","1","1","N","CHARCL BRIQTS  ORIG 8LB"
"80371","8","0",,"1.590","0.000","1","0","0","Y","TUBE REPAIR KIT EZ FIX"
"80781","9","16","8","4.590","0.000","1","1","1","N","LIGHTR FLUID CHARCL 32OZ"
"80991","19","24","24","1.390","0.000","1","1","1","N","HAND WARMER PR 7 HOUR"
"8100075","0","0","0","17.990","0.000","0","0","0","Y","TIEDOWN CAMBCKLE1200#PK4"
"81003","13","11","13","3.590","0.000","1","1","1","N","ANTIFRZ ARTIC RV 1GL"
"8107187","2","0",,"12.990","0.000","1","1","1","N","KEROSENE LANTERN BLK/BRS"
"81184","0","1",,"11.990","0.000","1","1","1","N","TESTER CIRCUIT 6-12VOLT"
"8129520","1","0","1","8.990","0.000","1","1","1","N","CHARCOAL LUMP ALL NAT8.8"
"81387","4","0","2","6.990","0.000","1","1","1","N","FILLER/GLUE COLD WELD1OZ"
"8138745","4",,,"28.990","0.000","1","0","0","Y","SNO RAIDER SLED 42"""
"8185639","11","1",,"7.590","0.000","1","1","1","N","STANLEY STOPPER PRE 2002"
"8206179","0",,,"17.990","0.000","1","1","1","N","COPPER PANORAMA FEEDER"
"8207",,"4",,"31.990","0.000","1","1","1","N","62"" TALL LG FLAG HOLDER"
"8222218","0","6","3","5.990","0.000","1","1","1","N","SMOKING CHIP APPLE 180CI"
"8222465","0","4",,"9.990","0.000","1","1","1","N","HAND WARMERS 7HRS 10PR"
"8250847","3","9","4","9.990","0.000","1","1","1","N","PROPANE FUEL 16OZ 2PK"
"8263899","0","0","2","6.490","0.000","0","0","1","Y","COOLER SOFT 6 CAN"
"8292708","0","0","1","26.990","0.000","0","0","1","Y","CM AIR CHISEL SET 4PC"
"8304909","1","1","1","3.590","0.000","1","1","1","N","FUEL INJCTR & CARB 2X"
"8306532","3","0","2","18.990","0.000","1","1","1","N","APPLE BBQ PELLETS 20LB"
"8309767","1","1","1","11.990","0.000","1","1","1","N","HITCH BALL 2X3/4X1-1/2"
"8313215","3",,,"4.990","0.000","1","1","1","N","ECCO FARMS BEEF BONE6-8"
"8338246","0","0","0","39.990","0.000","1","1","1","N","GRIDDLE COVER 36"""
"8338253","0","0",,"35.990","0.000","1","1","1","N","GRIDDLE COVER 28"""
"8359",,"0",,"15.490","0.000","1","1","1","N","42"" MINI FLAG ARBOR WELCOME"
"8367625",,"0",,"0.000","0.000","1","1","1","N","HTH SHOCK DUMP BIN"
"8368276","0","2",,"4.990","0.000","1","1","1","N","HAM BONE TREAT XLG"
"8400525","3","0","0","11.990","0.000","1","1","1","N","KENL BEDDING CEDAR 2 CF"
"8426348","15","47",,"1.790","0.000","1","1","1","N","KNOTTED BONE WHT 4-5"""
"8435190",,"21",,"4.990","0.000","1","1","1","N","CARABINER LOCKING KNIFE"
"8472748","0",,,"3.990","0.000","1","1","1","N","MINI LAMB CHOP 6"""
"85257","3","1","4","11.990","0.000","1","1","1","N","CLEANR SIMPLE GREEN GAL"
"8532129","3","1","0","4.990","0.000","1","1","1","N","APPLE WOOD CHIPS 192CI"
"8532186","2","1","0","4.990","0.000","1","1","1","N","CHERRY WOOD CHIPS 192CI"
"85788","0",,,"38.990","0.000","1","1","1","N","THREAD REPAIR KIT M6X1"
"858BRTRED","0","0","0","25.990","0.000","1","1","1","N","20"" VALLEY BRIGHT RED"
"858BSLATE","0","0","-2","25.990","0.000","1","1","1","N","20"" VALLEY BURN. SLATE"
"8679912","0","-1",,"19.990","0.000","1","1","1","N","EXCHANGE LP TANK"
"87892","2","5","3","21.990","0.000","1","1","1","N","FIRE EXT STD HOME 2.5#"
"8797227","3","11","2","9.990","0.000","1","1","1","N","SWEET & HEAT 16OZ"
"88087","22","3","10","3.590","0.000","1","1","1","N","DE-ICER WNDSHLD PS 11OZ"
"8883001","1","1",,"59.990","0.000","1","1","1","N","SPIRIT 200 SERIES COVER"
"88849","12","8","8","7.590","0.000","1","1","1","N","OIL GEAR 80W90QT PENZOIL"
"8924797","2","0",,"21.990","0.000","1","1","1","N","HUMBIRD FDR CRNBRRY 16OZ"
"9007540",,"0","1","34.220","0.000","1","1","1","N","SMALL HOLE SAW SHELF"
"9014135",,"8","4","0.990","0.000","1","1","1","N","KEEBLER CLUB&CHEDAR1.8OZ"
"9039520","0","0","40","0.000","0.000","1","1","1","N","CUP FOAM 8OZ ACE PK/25"
"90505","80","14","27","1.390","0.000","1","1","1","N","CANDY M&M PEANUT 1.74OZ"
"9106386","21","37","40","1.390","0.000","1","1","1","Y","MINI-LEVEL KEY RING"
"91120","8","9","8","1.990","0.000","1","1","1","N","TAPE MAGIC 1/2X450"""
"9150632","0",,"2","8.990","0.000","1","1","1","N","BAG BALM 8 OZ"
"9159013",,"3",,"1.990","0.000","1","1","1","N","KARS SWT&SPICY MIX"
"9161969","0","31","296","0.150","0.000","1","1","1","N","REESES PB CHNGMKR"
"9202482","0","20","2","2.390","0.000","1","1","1","N","LASER PET TOY"
"9229485","9","10","0","7.990","0.000","1","1","1","N","FARMER'S ALMANAC 2020"
"9273988","16",,"0","0.250","0.000","1","1","1","N","BOSTON BAKED BEANS .75OZ"
"9274655","15","21",,"2.990","0.000","1","1","1","N","RED BULL ENRGY DRNK 12OZ"
"9297748","3","13",,"1.790","0.000","1","1","1","N","CINNAMON HARD CANDY 6OZ"
"9299611","-14","0",,"1.390","0.000","1","1","1","N","REESE PB TREES"
"9318056","19","0",,"2.990","0.000","1","1","1","N","RED BULL BLUE 12 OZ"
"9326778","125","2","2","9.990","0.000","1","1","1","N","STRETCH FILM 5""X1000'"
"9329889","1","5","-12","7.990","0.000","1","1","1","N","HEALTHY FEET CREAM 3OZ"
"93537","10","62","48","1.390","0.000","1","1","1","N","CANDY REESE PB CUP 1.6OZ"
"93592","26","8","0","1.390","0.000","1","1","1","N","CANDY CHUNKY 1.40 OZ"
"9405283","6",,,"6.990","0.000","1","1","1","N","COB LED MAGNIFIER ASSRTD"
"9414764","1","4","3","14.990","0.000","1","1","1","N","EYEGLAS CLNR CARBN RSGLD"
"9430794",,"15",,"1.190","0.000","1","1","1","N","LEMON DROPS 3.6OZ"
"9431198","16",,,"1.190","0.000","1","1","1","N","ATOMIC FIREBALLS 2.6OZ"
"9431438","8","13",,"1.190","0.000","1","1","1","N","GUMMI WORMS 4.25OZ"
"9469917","-18","0","5","1.590","0.000","1","1","1","N","PRINGLES ORIGINAL 2.36OZ"
"9469933","-30",,"5","1.590","0.000","1","1","1","N","PRINGLES SR CRM/ONN2.5OZ"
"959BSLATE","0","4","0","18.790","0.000","1","1","1","N","PITCH BREAK BURN. SLATE"
"9637554","2","-1","3","14.990","0.000","1","1","1","N","GRMT FIREBINER MLTICOLOR"
"9703281","1",,,"3.590","0.000","1","1","1","N","DOT'S HS PRETZELS 5OZ"
"9707035",,"13",,"1.390","0.000","1","1","1","N","HER GOLD PNUT-PRET1.4OZ"
"9707209","1","1","2","7.990","0.000","1","1","1","N","GRMT SOAP OAK BARREL10OZ"
"A0026","473","590","252","4.690","0.000","1","1","1","N","CONCRETE MIX 80#"
"A0040","10","24","165","10.490","0.000","1","1","1","N","MASONRY TYPE N 70#"
"A0280","1,832","2,060","207","6.790","0.000","1","1","1","N","50# ROCK SALT ICE MELT"
"BLACK","11,541","-108","-1,211","2.140","0.000","1","1","1","N","BLACK 29 GAUGE #1"
"BRED","1,037","0","54","2.140","0.000","1","1","1","N","BARN RED 29 GAUGE #1"
"BRTRED","7,462","-10","-338","2.140","0.000","1","1","1","N","BRIGHT RED 29 GAUGE #1"
"BSLATE","-1,195","0","15","2.140","0.000","1","1","1","N","BURN. SLATE 29G #1 METAL"
"BURG","4,634","0","-200","2.140","0.000","1","1","1","N","BURGUNDY 29 GAUGE #1"
"BWHITE","7,441","0","60","2.140","0.000","1","1","1","N","BRIGHT WHITE 29 GAUGE #1"
"CAR","247","792",,"0.330","0.000","1","1","1","N","CARAMEL"
"CARD",,"283",,"0.000","0.000","1","1","1","N","LEANING TREE CARD"
"CBROWN","8,704","-32","105","2.140","0.000","1","1","1","N","COCOA BROWN 29 GAUGE #1"
"CD8206",,"8",,"0.990","0.000","1","1","1","N","MINI FLAG RUBBER STOPPER"
"CLA","0","0","0","0.000","0.000","1","1","1","N","LABOR"
"COF","0","0","0","0.970","0.000","1","1","1","N","COFFEE HILLS BROS."
"CPT","0","0","0","0.000","0.000","1","1","1","N","PARTS"
"CREEPFES","76",,"25","2.090","0.000","1","1","1","N","CREEPING RED FESCUE"
"CT1411","1","0","2","38.990","0.000","1","1","1","N","1"" CTS PLASTIC GAS X 100'"
"D0624X","0","0","-14","13.490","0.000","1","1","1","N","DIABLO FRAME BLADE 6.5"" 24 T TK"
"D65169","0",,,"16.790","0.000","1","1","1","N","* 2 INCH WASTE VALVE W/KI"
"DCORNP","6","1",,"8.190","0.000","1","1","1","N","DEER CORN PERSIMMON"
"DE","0","0","0","0.000","0.000","1","1","1","N","DELIVERY CHARGE"
"DKVL75DT","0","0","0","84.950","0.000","1","1","1","N","Battery"
"DR. PEPPER","17","30","78","1.790","0.000","1","1","1","N","DR. PEPPER 20 OZ."
"DT. COKE","55","45","-98","1.790","0.000","1","1","1","N","DIET COKE 20OZ"
"DT. PEPSI","43","229","40","1.790","0.000","1","1","1","N","DT. PEPSI 20 OZ."
"DT.TEA","12","15","0","1.990","0.000","1","1","1","N","DIET GOLDPEAKE TEA"
"E102922457",,"-6",,"14.990","0.000","1","1","1","N","ECHO JET GLASSES"
"E16A0CD91PX","0","0",,"44.990","0.000","1","1","1","N","ECHO 16"" B&C COMBO"
"E6550001","0","0","0","2.190","0.000","1","1","1","N","2.6 OZ ECHO RED ARMOR OIL"
"EZ10050","0","25","-1","10.950","0.000","1","1","1","N","EZ POUR SPOUT & VENT KIT"
"EZ2","177","340","85","2.390","0.000","1","1","1","N","EZ FALCON 4 FESCUE"
"F55264","-2",,,"10.480","0.000","1","1","1","N","Goatskin Leather Driver Glove XL"
"F75317","2",,,"7.060","0.000","1","1","1","N","I/M STYLE COUPLER 1/4X1/4 FNPT"
"F75600","-2",,"0","3.000","0.000","1","1","1","N","1/4"" x 1/4"" MNPT, 2-Pack"
"F75602","2",,,"3.000","0.000","1","1","1","N","1/4"" x 1/4"" FNPT, 2-Pack"
"FANTA","2","0","83","1.790","0.000","1","1","1","N","FANTA ORANGE 20OZ"
"FGREEN","15,139","0","-592","2.140","0.000","1","1","1","N","FOREST GREEN 29 GAUGE #1"
"FRITOLAY","29","82","38","0.890","0.000","1","1","1","N","FRITO LAY ASST CHIP"
"G1311",,"1","0","54.990","0.000","1","1","1","N","1"" IPS PLASTIC GAS X 100'"
"G23032","30","165","-55","2.990","0.000","1","1","1","N","1/4 MAGNETIC NUT SETTER"
"G29001","0","0",,"9.290","0.000","1","1","1","N","KQH MEASURING TAPE"
"GALVALUME","3,467","0","-431","1.890","0.000","1","1","1","N","GALVALUME METAL"
"GBIRD",,,"53","13.990","0.000","1","1","1","N","GAME BIRD  50 LB"
"GC","0","0","0","0.000","0.000","1","1","1","N","KQH GIFT CARD"
"GREEN","6","17","86","0.990","0.000","1","1","1","N","60W - 9W LED LIGHTBULB"
"GRF182",,,"0","10.490","0.000","1","1","1","N","BRAD 18GA 2"" GALV 5M"
"H47660",,"10",,"6.290","0.000","1","1","1","N","COARSE DRYWAL 6X1"
"H47692","0",,,"0.000","0.000","1","1","1","N","MGV PHL DECK SC 6X1-1/4"
"HOGMIX16","-4","0",,"8.890","0.000","1","1","1","N","16% HOG MIX- FG CORN, SOYB MEAL"
"J94300","13","13","17","7.290","0.000","1","1","1","N","MINGUA JERKY MILD 3.5OZ"
"J94314","15","17","9","13.990","0.000","1","1","1","N","MINGUA JERKY MILD 7 OZ"
"J94323","3","0","3","7.290","0.000","1","1","1","N","MINGUA JERKY BBQ 3.5OZ"
"K100-403","0","0","0","26.950","0.000","1","1","1","N","K100 ALL IN 1 FUEL TRTMNT 32OZ"
"KEY1","0","0","0","1.790","0.000","1","1","1","N","SINGLE CUT KEY"
"KEY2","0","0","0","1.990","0.000","1","1","1","N","DOUBLE CUT KEY"
"KEZP","3","5","0","18.890","0.000","1","1","1","N","KALM-EZ PELLET"
"KQWATER","323","943","79","0.750","0.000","1","1","1","N","KENNY QUEEN HARDWARE WATER"
"KWN321","0","0","1","199.990","0.000","1","1","1","N"," 5 PLQ  IR 30K BTU MAN NG HTR"
"KWN375",,"0","2","249.990","0.000","1","1","1","N","BF 30K BTU NG T-STAT HEATER"
"KY31","213","197","194","1.990","0.000","1","1","1","N","KY 31 FESCUE"
"L11210S","0","0","52","19.490","0.000","1","1","1","N","1""X12""-10' SHELVING"
"L1128S","7","56","15","16.790","0.000","1","1","1","N","1""X12""-8 SHELVING"
"L12CD","0","106","73","18.850","0.000","1","1","1","N","1/2"" CDX PLYWOOD 4 PLY"
"L1412S","24","10","13","8.190","0.000","1","1","1","N","1""X4""-12 SHELVING"
"L1435B",,,"62","13.990","0.000","1","1","1","N","1/4 CEMENT BOARD"
"L168PT",,"178","-103","4.590","0.000","1","1","1","N","1X6X8' PRESSURE TREATED  #2"
"L168S","11","44","416","8.890","0.000","1","1","1","N","1X6-8' SHELVING"
"L2108","23","11","27","10.750","0.000","1","1","1","N","2X10-8"
"L21212","0","15","73","26.260","0.000","1","1","1","N","2X12-12"
"L21216","0","11","55","34.930","0.000","1","1","1","N","2X12-16"
"L2128","15","7","67","17.540","0.000","1","1","1","N","2X12-8"
"L228","0","-19","-318","2.170","0.000","1","1","1","N","2X2-8'"
"L2410","-8","292","389","4.660","0.000","1","1","1","N","2X4-10"
"L2410PT","-1","101","176","5.880","0.000","1","1","1","N","2X4-10 PRESSURE TREATE #1 SYP"
"L2412","10","77","-89","5.610","0.000","1","1","1","N","2X4-12"
"L2412PT","14","108","195","6.670","0.000","1","1","1","N","2X4-12 PRESSURE TREATED #1 SYP"
"L2416","7","141","195","7.520","0.000","1","1","1","N","2X4-16"
"L2416PT","4","94","160","9.370","0.000","1","1","1","N","2X4-16 PRESSURE TREATED"
"L248","69","1,003","1,322","2.980","0.000","1","1","1","N","2X4-8"
"L248PT","2","249","338","4.370","0.000","1","1","1","N","2X4-8 PRESSURE TREATED #1 SYP"
"L24PC","15","414","1,183","2.980","0.000","1","1","1","N","2X4 PRE-CUTS 92 5/8"" LONG"
"L2610PT","0","72","70","7.880","0.000","1","1","1","N","2X6-10 #1 SYP PRESSURE TREATED"
"L2612","35","129","209","8.450","0.000","1","1","1","N","2X6-12  SPF SELECT"
"L2612PT","7","57","272","8.880","0.000","1","1","1","N","2X6-12 PRESSURE TREATED #1 SYP"
"L2616","1","137","168","11.270","0.000","1","1","1","N","2X6-16"
"L2616PT","0","61","122","11.880","0.000","1","1","1","N","2X6-16 PRESSURE TREATED #1 SYP"
"L268PT","5","86","254","5.670","0.000","1","1","1","N","2X6-8 PRESSURE TREATED #1 SYP"
"L2812","13","46","47","12.980","0.000","1","1","1","N","2X8-12"
"L2816","0","87","209","17.330","0.000","1","1","1","N","2X8-16 #1 SYP"
"L288","14","57","26","8.720","0.000","1","1","1","N","2X8-8"
"L288PT","10","8","41","8.270","0.000","1","1","1","N","2X8-8 PRESSURE TREATED"
"L313244NL","14","1","2","33.990","0.000","1","1","1","N","3/4""IPS PJ X 3/4"" PJ COUPLING"
"L34CDPT","0","30","28","37.570","0.000","1","1","1","N","3/4"" 4X8 PT CDX PLYWOOD"
"L34W","0","0","91","16.480","0.000","1","1","1","N","3/4 OSB TONGUE GROOVE"
"L4412PT","8","12","57","13.570","0.000","1","1","1","N","4X4-12 PRESSURE TREATED"
"L448PT","14","144","71","7.470","0.000","1","1","1","N","4X4-8 PRESSURE TREATED"
"L54610PT","-3","44","156","5.980","0.000","1","1","1","N","5/4X6-10 PRESSURE TREATED"
"L58W","0","-2","34","12.770","0.000","1","1","1","N","5/8 OSB WAFERBOARD"
"L716W","11","42","51","9.150","0.000","1","1","1","N","7/16 OSB WAFERBOARD"
"L8F","119","760","906","1.680","0.000","1","1","1","N","8' FURRING STRIPS"
"LAYC","5","2","4","15.390","0.000","1","1","1","N","LAYER CRUMBLES 16%- 50#"
"LFSR3","0",,,"27.990","0.000","1","1","1","N","LODGE LOGIC FAJITA SET"
"LGL15","0",,,"24.990","0.000","1","1","1","N","15"" TEMPERED GLASS LID"
"LP","0","3,962","11,232","1.000","0.000","1","1","1","N","POUND OF PROPANE"
"MDKSBC","31",,,"1.990","0.000","1","1","1","N","M DEW KICKSTART- BLACK CHERRY"
"MDKSML","35",,,"1.990","0.000","1","1","1","N","MT. DEW KICKSTART MANGO LIME"
"MISTINTQ","-3","0","-19","5.000","0.000","1","1","1","N","MISTNT PAINT QT ONLY/ NO RETURN"
"MONSTERORIG","24",,,"2.690","0.000","1","1","1","N","MONSTER GREEN ORIG ENERGY DRNK"
"MONULTRA","0","34","0","2.490","0.000","1","1","1","N","MONSTER ULTRA"
"MRC63204049","19","0","10","8.490","0.000","1","1","1","N","1"" IPS GAS STIFFNER"
"MRC63403067","4",,,"79.990","0.000","1","1","1","N","1"" CTS FLEX GAS RISER (""1-1/8"")"
"MT. DEW","75","141","253","1.790","0.000","1","1","1","N","MT. DEW 20 OZ."
"NEWS","0",,,"0.710","0.000","1","1","1","N","WAYNE COUNTY NEWS (DAILY)"
"P421","-93","-22","-225","0.550","0.000","1","1","1","N","3/4"" X 200/250PSI DRINKING/ FT"
"P4211","2","-1","2","42.990","0.000","1","1","1","N","3/4 IPS DRINK 200/250 PSI X 100'"
"PE","0","0","0","0.000","0.000","1","1","1","N","POWER EQUIPMENT"
"PELLET","1,185","2,353","752","5.990","0.000","1","1","1","N","WOOD PELLETS 40#"
"PEPSI","50","53","62","1.790","0.000","1","1","1","N","PEPSI 20OZ"
"PRIDEMAIN","-2","0","0","16.990","0.000","1","1","1","N","PRIDE MAINTENANCE 21/10 DOG FOOD"
"PROPANESTOCK","15",,,"0.000","0.000","1","1","1","N","PROPANE STOCK"
"QPALLET","8","24","10","20.000","0.000","1","1","1","N","QUIKRETE PALLET"
"RED04","0","0",,"6.490","0.000","1","1","1","N","5/8"" LEAD STRAP"
"SCRAGXL","4","4",,"7.490","0.000","1","1","1","N","SCRAGGLE POP 2 GAL"
"SHELL","167","37","26","6.990","0.000","1","1","1","N","50# SHELLED CORN (WHOLE)"
"SHINGLEBL","1","0","-61","29.990","0.000","1","1","1","N","SHINGLE BLACK 3 TAB IKO (BUNDLE)"
"SHOP","0","0","0","0.000","0.000","1","1","1","N","REPAIR SHOP SUPPLIES"
"SLA","0","0","0","0.000","0.000","1","1","1","N","REPAIR SHOP LABOR"
"SO","0","0","0","0.000","0.000","1","1","1","N","SPECIAL ORDER"
"SPT","0","0","0","0.000","0.000","1","1","1","N","REPAIR SHOP PARTS"
"ST18145",,"3","10","13.990","0.000","1","1","1","N","8-PIN 9' BRAIDED-LIGHTED CORD"
"ST56057504330","0","0","0","14.990","0.000","1","1","1","N","7/32"" FILE GUIDE"
"ST75316","-1","2",,"9.990","0.000","1","1","1","N","7-5/8 CAMO KNIFE=SERRATED"
"ST75317","2","6",,"9.990","0.000","1","1","1","N","7-1/2 CAMO KNIFE-SMOOTH"
"STRAW","357","280","126","7.000","0.000","1","1","1","N","BALE STRAW"
"SWEET12","67","7","24","9.090","0.000","1","1","1","N","SWEET FEED 12%- 50#"
"THREAD","0","0","0","0.490","0.000","1","1","1","N","PIPE THREADING"
"WM12608",,,"31","3.490","0.000","1","1","1","N","WM 126PP 3/4 X 8 SHOE MOLDING"
"WM20508",,"28",,"4.990","0.000","1","1","1","N","LARGE OUTSIDE CORNER"
"WM20608",,"37",,"2.690","0.000","1","1","1","N","MOLDING OUTCRNR3/4X3/4X8"
"WM23308","-1","17",,"8.990","0.000","1","1","1","N","1 1/4""X8' FULL ROUND"
